Ticker,Gate_Passed,Return_Type,Original_E_Ret,E_Total_3M,Realized_3M,Gap,Adj_Weight,Vol_3M,Adjustment,Adjusted_E_Total,Adjustment_Applied
NVDA,False,CAPM,0.042521,0.042521,0.059417,0.016896,0.169,0.202777,0.034261,0.076782,True
AAPL,True,Grinold-Kahn,0.007622,0.032315,-0.024846,0.057161,0.5716,0.133327,-0.076212,-0.043897,True
MSFT,False,CAPM,0.024963,0.024963,-0.170438,0.195401,1.0,0.141285,-0.141285,-0.116322,True
AMZN,False,CAPM,0.028289,0.028289,-0.049128,0.077417,0.7742,0.126934,-0.098268,-0.069979,True
GOOGL,True,Grinold-Kahn,0.002755,0.027448,0.050515,0.023067,0.2307,0.18965,0.043746,0.071194,True
GOOG,True,Grinold-Kahn,-0.00231,0.022383,0.050292,0.02791,0.2791,0.187353,0.052289,0.074672,True
META,False,CAPM,0.02994,0.02994,0.099157,0.069217,0.6922,0.157712,0.109164,0.139104,True
AVGO,False,CAPM,0.041884,0.041884,-0.020531,0.062416,0.6242,0.217913,-0.136012,-0.094128,True
TSLA,True,Grinold-Kahn,-0.040542,-0.015849,0.051649,0.067498,0.675,0.269657,0.182013,0.166164,True
BRK-B,False,CAPM,0.013842,0.013842,-0.011654,0.025496,0.255,0.066831,-0.017039,-0.003197,True
WMT,True,Grinold-Kahn,0.038259,0.062952,0.157136,0.094184,0.9418,0.075368,0.070985,0.133937,True
LLY,False,CAPM,0.019196,0.019196,-0.046843,0.066039,0.6604,0.162591,-0.107373,-0.088177,True
JPM,True,Grinold-Kahn,0.002975,0.027668,0.046458,0.01879,0.1879,0.084185,0.015818,0.043486,True
V,False,CAPM,0.019272,0.019272,-0.019607,0.038879,0.3888,0.053609,-0.020843,-0.001571,True
XOM,False,CAPM,0.015853,0.015853,0.236121,0.220269,1.0,0.078984,0.078984,0.094837,True
JNJ,False,CAPM,0.007366,0.007366,0.17966,0.172294,1.0,0.078104,0.078104,0.08547,True
MU,False,CAPM,0.044705,0.044705,0.72542,0.680715,1.0,0.300371,0.300371,0.345076,True
MA,False,CAPM,0.01911,0.01911,-0.024728,0.043838,0.4384,0.050025,-0.02193,-0.00282,True
COST,False,CAPM,0.014949,0.014949,0.092987,0.078038,0.7804,0.056639,0.0442,0.059149,True
ORCL,True,Grinold-Kahn,-0.074276,-0.049583,-0.291705,0.242122,1.0,0.327781,-0.327781,-0.377364,True
ABBV,True,Grinold-Kahn,-0.021336,0.003356,-0.041748,0.045105,0.451,0.097585,-0.044015,-0.040659,True
BAC,False,CAPM,0.024424,0.024424,0.03386,0.009436,0.0944,0.113178,0.010679,0.035104,True
HD,False,CAPM,0.01848,0.01848,0.113859,0.095379,0.9538,0.096841,0.092365,0.110846,True
PG,False,CAPM,0.007647,0.007647,0.070362,0.062715,0.6271,0.039829,0.024979,0.032626,True
CVX,True,Grinold-Kahn,-0.003414,0.021279,0.213788,0.19251,1.0,0.097155,0.097155,0.118433,True
GE,False,CAPM,0.026151,0.026151,0.1785,0.15235,1.0,0.09828,0.09828,0.12443,True
CAT,False,CAPM,0.031042,0.031042,0.324613,0.293572,1.0,0.179297,0.179297,0.210339,True
KO,False,CAPM,0.007839,0.007839,0.09725,0.089411,0.8941,0.063591,0.056857,0.064696,True
NFLX,False,CAPM,0.023584,0.023584,-0.282105,0.305689,1.0,0.184405,-0.184405,-0.160821,True
AMD,False,CAPM,0.045624,0.045624,-0.017974,0.063598,0.636,0.265135,-0.168621,-0.122997,True
PLTR,False,CAPM,0.043806,0.043806,-0.135406,0.179212,1.0,0.195903,-0.195903,-0.152097,True
CSCO,False,CAPM,0.029638,0.029638,0.045265,0.015626,0.1563,0.073866,0.011543,0.041181,True
LRCX,False,CAPM,0.044499,0.044499,0.542183,0.497684,1.0,0.192116,0.192116,0.236615,True
MRK,False,CAPM,0.012219,0.012219,0.232145,0.219926,1.0,0.147702,0.147702,0.159921,True
AMAT,False,CAPM,0.040673,0.040673,0.517495,0.476822,1.0,0.203809,0.203809,0.244482,True
PM,True,Grinold-Kahn,-0.000322,0.024371,0.175777,0.151406,1.0,0.133295,0.133295,0.157666,True
MS,True,Grinold-Kahn,8e-06,0.0247,0.108953,0.084253,0.8425,0.122674,0.103357,0.128057,True
GS,True,Grinold-Kahn,-0.00315,0.021542,0.18014,0.158598,1.0,0.137031,0.137031,0.158573,True
RTX,False,CAPM,0.015011,0.015011,0.192021,0.17701,1.0,0.056897,0.056897,0.071908,True
WFC,True,Grinold-Kahn,-0.004007,0.020686,0.069998,0.049312,0.4931,0.090571,0.044662,0.065348,True
UNH,False,CAPM,0.012632,0.012632,-0.091645,0.104278,1.0,0.252795,-0.252795,-0.240163,True
IBM,True,Grinold-Kahn,-0.000317,0.024375,-0.139829,0.164204,1.0,0.105975,-0.105975,-0.0816,True
AXP,True,Grinold-Kahn,0.003134,0.027827,-0.016979,0.044805,0.4481,0.119586,-0.053581,-0.025754,True
TMUS,False,CAPM,0.007028,0.007028,0.033089,0.026061,0.2606,0.114814,0.029922,0.03695,True
MCD,False,CAPM,0.011154,0.011154,0.068266,0.057112,0.5711,0.042889,0.024495,0.035649,True
LIN,False,CAPM,0.014956,0.014956,0.188462,0.173505,1.0,0.07466,0.07466,0.089617,True
GEV,False,CAPM,0.034808,0.034808,0.402091,0.367283,1.0,0.228934,0.228934,0.263742,True
PEP,False,CAPM,0.009936,0.009936,0.129451,0.119514,1.0,0.085913,0.085913,0.095849,True
INTC,False,CAPM,0.036025,0.036025,0.245727,0.209702,1.0,0.21714,0.21714,0.253165,True
VZ,True,Grinold-Kahn,-0.010395,0.014298,0.194944,0.180646,1.0,0.069842,0.069842,0.08414,True
C,False,CAPM,0.032432,0.032432,0.166704,0.134272,1.0,0.143309,0.143309,0.175742,True
AMGN,False,CAPM,0.017316,0.017316,0.11148,0.094165,0.9416,0.091279,0.085952,0.103268,True
TXN,True,Grinold-Kahn,-0.0645,-0.039808,0.327489,0.367297,1.0,0.16897,0.16897,0.129162,True
KLAC,False,CAPM,0.042835,0.042835,0.311405,0.26857,1.0,0.126092,0.126092,0.168927,True
T,True,Grinold-Kahn,-0.000211,0.024482,0.087745,0.063263,0.6326,0.104492,0.066105,0.090587,True
ABT,True,Grinold-Kahn,-0.001931,0.022762,-0.127464,0.150226,1.0,0.076062,-0.076062,-0.0533,True
NEE,False,CAPM,0.012241,0.012241,0.099136,0.086895,0.869,0.075169,0.065318,0.077559,True
TMO,False,CAPM,0.023529,0.023529,-0.138858,0.162386,1.0,0.179385,-0.179385,-0.155857,True
GILD,False,CAPM,0.014892,0.014892,0.18516,0.170268,1.0,0.07666,0.07666,0.091552,True
DIS,True,Grinold-Kahn,-0.068323,-0.04363,0.019133,0.062763,0.6276,0.144933,0.090964,0.047334,True
APH,False,CAPM,0.033495,0.033495,0.139704,0.106209,1.0,0.160043,0.160043,0.193539,True
ISRG,True,Grinold-Kahn,0.012048,0.036741,-0.108132,0.144873,1.0,0.145437,-0.145437,-0.108696,True
BA,False,CAPM,0.020801,0.020801,0.255578,0.234777,1.0,0.14939,0.14939,0.17019,True
DE,False,CAPM,0.018196,0.018196,0.310702,0.292506,1.0,0.089671,0.089671,0.107867,True
ADI,True,Grinold-Kahn,-0.012688,0.012005,0.427612,0.415607,1.0,0.139479,0.139479,0.151484,True
TJX,False,CAPM,0.012223,0.012223,0.046749,0.034527,0.3453,0.055961,0.019322,0.031544,True
CRM,False,CAPM,0.027947,0.027947,-0.202601,0.230548,1.0,0.108241,-0.108241,-0.080294,True
ANET,False,CAPM,0.038752,0.038752,0.122926,0.084175,0.8417,0.277247,0.233371,0.272123,True
SCHW,False,CAPM,0.024556,0.024556,0.041525,0.016969,0.1697,0.078546,0.013328,0.037884,True
BLK,False,CAPM,0.027042,0.027042,0.079755,0.052713,0.5271,0.106815,0.056305,0.083347,True
UNP,True,Grinold-Kahn,-0.032668,-0.007975,0.168197,0.176172,1.0,0.06622,0.06622,0.058244,True
LOW,False,CAPM,0.019497,0.019497,0.183996,0.164499,1.0,0.113089,0.113089,0.132586,True
HON,True,Grinold-Kahn,-0.014045,0.010648,0.249916,0.239268,1.0,0.099695,0.099695,0.110343,True
PFE,True,Grinold-Kahn,-0.003136,0.021556,0.078927,0.057371,0.5737,0.081762,0.046908,0.068464,True
LMT,False,CAPM,0.01222,0.01222,0.364243,0.352023,1.0,0.110126,0.110126,0.122346,True
DHR,False,CAPM,0.022833,0.022833,-0.080559,0.103392,1.0,0.10751,-0.10751,-0.084677,True
UBER,False,CAPM,0.023838,0.023838,-0.127097,0.150935,1.0,0.135374,-0.135374,-0.111535,True
QCOM,False,CAPM,0.034407,0.034407,-0.128487,0.162894,1.0,0.107991,-0.107991,-0.073583,True
WELL,True,Grinold-Kahn,0.008381,0.033074,0.040484,0.00741,0.0741,0.05557,0.004118,0.037192,True
ETN,False,CAPM,0.030829,0.030829,0.118336,0.087507,0.8751,0.159218,0.139326,0.170155,True
APP,False,CAPM,0.063258,0.063258,-0.217222,0.28048,1.0,0.291842,-0.291842,-0.228583,True
SYK,False,CAPM,0.016496,0.016496,0.034448,0.017952,0.1795,0.052561,0.009436,0.025932,True
COP,False,CAPM,0.020028,0.020028,0.242887,0.222859,1.0,0.099977,0.099977,0.120005,True
NEM,False,CAPM,0.02607,0.02607,0.383261,0.357192,1.0,0.102344,0.102344,0.128414,True
ACN,True,Grinold-Kahn,-0.021742,0.00295,-0.156569,0.159519,1.0,0.121927,-0.121927,-0.118976,True
PLD,False,CAPM,0.018686,0.018686,0.125517,0.106831,1.0,0.090335,0.090335,0.109021,True
BKNG,True,Grinold-Kahn,0.014335,0.039028,-0.154706,0.193733,1.0,0.109441,-0.109441,-0.070414,True
COF,False,CAPM,0.032218,0.032218,0.006461,0.025756,0.2576,0.109344,0.028163,0.060381,True
CB,False,CAPM,0.00889,0.00889,0.105924,0.097033,0.9703,0.058928,0.05718,0.06607,True
PH,False,CAPM,0.025649,0.025649,0.198714,0.173065,1.0,0.11543,0.11543,0.141079,True
MDT,True,Grinold-Kahn,-0.014286,0.010407,-0.043832,0.054239,0.5424,0.066522,-0.036081,-0.025674,True
BMY,False,CAPM,0.013125,0.013125,0.282971,0.269847,1.0,0.140459,0.140459,0.153584,True
SPGI,True,Grinold-Kahn,0.004835,0.029528,-0.165525,0.195052,1.0,0.087322,-0.087322,-0.057795,True
VRTX,False,CAPM,0.019389,0.019389,0.111085,0.091696,0.917,0.115606,0.106006,0.125395,True
PANW,False,CAPM,0.028024,0.028024,-0.207009,0.235032,1.0,0.118433,-0.118433,-0.09041,True
GLW,False,CAPM,0.034894,0.034894,0.562883,0.527989,1.0,0.193688,0.193688,0.228582,True
PGR,False,CAPM,0.010083,0.010083,-0.044461,0.054544,0.5454,0.093243,-0.050858,-0.040775,True
HCA,True,Grinold-Kahn,0.033503,0.058196,0.082249,0.024053,0.2405,0.06725,0.016176,0.074372,True
MCK,False,CAPM,0.008692,0.008692,0.090817,0.082126,0.8213,0.07868,0.064617,0.073308,True
MO,True,Grinold-Kahn,0.025211,0.049904,0.167586,0.117683,1.0,0.092701,0.092701,0.142605,True
CMCSA,False,CAPM,0.015991,0.015991,0.212684,0.196694,1.0,0.099855,0.099855,0.115846,True
SBUX,False,CAPM,0.02343,0.02343,0.139418,0.115987,1.0,0.129138,0.129138,0.152568,True
CME,True,Grinold-Kahn,-0.007375,0.017317,0.12519,0.107873,1.0,0.061716,0.061716,0.079034,True
BSX,False,CAPM,0.013301,0.013301,-0.261601,0.274902,1.0,0.089838,-0.089838,-0.076537,True
TT,False,CAPM,0.023857,0.023857,0.130185,0.106328,1.0,0.13254,0.13254,0.156397,True
HWM,True,Grinold-Kahn,0.030405,0.055097,0.269296,0.214198,1.0,0.109046,0.109046,0.164144,True
SO,False,CAPM,0.005202,0.005202,0.06264,0.057437,0.5744,0.055751,0.032022,0.037224,True
INTU,False,CAPM,0.027922,0.027922,-0.553544,0.581466,1.0,0.179564,-0.179564,-0.151642,True
ADBE,False,CAPM,0.022303,0.022303,-0.226009,0.248312,1.0,0.081151,-0.081151,-0.058848,True
CEG,False,CAPM,0.034159,0.034159,-0.136938,0.171097,1.0,0.230166,-0.230166,-0.196006,True
NOW,False,CAPM,0.025725,0.025725,-0.444838,0.470564,1.0,0.187946,-0.187946,-0.16222,True
NOC,True,Grinold-Kahn,-0.001861,0.022832,0.248398,0.225567,1.0,0.095137,0.095137,0.117968,True
UPS,False,CAPM,0.019475,0.019475,0.223421,0.203946,1.0,0.155766,0.155766,0.175241,True
DUK,False,CAPM,0.005829,0.005829,0.040377,0.034548,0.3455,0.05194,0.017944,0.023773,True
CRWD,True,Grinold-Kahn,0.0463,0.070992,-0.233221,0.304214,1.0,0.15757,-0.15757,-0.086578,True
CVS,False,CAPM,0.011322,0.011322,-0.009128,0.02045,0.2045,0.13154,-0.0269,-0.015578,True
WM,False,CAPM,0.012375,0.012375,0.065141,0.052766,0.5277,0.066085,0.03487,0.047245,True
EQIX,False,CAPM,0.015617,0.015617,0.206856,0.19124,1.0,0.079594,0.079594,0.095211,True
USB,True,Grinold-Kahn,-0.006939,0.017754,0.214772,0.197018,1.0,0.130337,0.130337,0.148091,True
FDX,False,CAPM,0.020714,0.020714,0.371046,0.350331,1.0,0.167094,0.167094,0.187809,True
MAR,False,CAPM,0.022235,0.022235,0.162183,0.139948,1.0,0.130897,0.130897,0.153132,True
FCX,False,CAPM,0.0354,0.0354,0.481046,0.445646,1.0,0.183061,0.183061,0.218461,True
BX,False,CAPM,0.033017,0.033017,-0.150959,0.183976,1.0,0.177344,-0.177344,-0.144327,True
PNC,False,CAPM,0.021912,0.021912,0.227501,0.205589,1.0,0.143779,0.143779,0.165691,True
GD,True,Grinold-Kahn,-0.001608,0.023085,0.036114,0.013029,0.1303,0.061837,0.008057,0.031142,True
SNDK,False,CAPM,0.047665,0.047665,1.17726,1.129595,1.0,0.568428,0.568428,0.616093,True
WDC,False,CAPM,0.041342,0.041342,0.719276,0.677934,1.0,0.327931,0.327931,0.369273,True
NKE,True,Grinold-Kahn,-0.03784,-0.013147,0.046931,0.060078,0.6008,0.173792,0.104411,0.091264,True
AMT,False,CAPM,0.00735,0.00735,0.051939,0.044589,0.4459,0.101927,0.045448,0.052798,True
ITW,False,CAPM,0.017841,0.017841,0.180846,0.163006,1.0,0.07548,0.07548,0.09332,True
RCL,False,CAPM,0.03335,0.03335,0.179974,0.146624,1.0,0.238085,0.238085,0.271436,True
ECL,True,Grinold-Kahn,-0.020051,0.004642,0.132843,0.128201,1.0,0.059079,0.059079,0.063721,True
ADP,False,CAPM,0.017832,0.017832,-0.15925,0.177083,1.0,0.070814,-0.070814,-0.052982,True
MRSH,False,CAPM,0.010318,0.010318,-0.003819,0.014138,0.1414,0.070324,-0.009942,0.000376,True
ICE,True,Grinold-Kahn,-0.002042,0.022651,0.000255,0.022396,0.224,0.099777,0.022346,0.044996,True
MMM,False,CAPM,0.022801,0.022801,-0.001669,0.02447,0.2447,0.072517,-0.017745,0.005056,True
JCI,False,CAPM,0.023191,0.023191,0.236111,0.21292,1.0,0.104313,0.104313,0.127504,True
WMB,True,Grinold-Kahn,0.013631,0.038324,0.210604,0.17228,1.0,0.061795,0.061795,0.100119,True
SHW,False,CAPM,0.018558,0.018558,0.067592,0.049033,0.4903,0.05298,0.025978,0.044536,True
STX,False,CAPM,0.034437,0.034437,0.551355,0.516919,1.0,0.259571,0.259571,0.294008,True
KKR,False,CAPM,0.039915,0.039915,-0.157625,0.19754,1.0,0.195384,-0.195384,-0.15547,True
BK,True,Grinold-Kahn,0.000869,0.025562,0.109226,0.083664,0.8366,0.074435,0.062275,0.087837,True
ORLY,False,CAPM,0.014348,0.014348,-0.0715,0.085847,0.8585,0.087017,-0.074702,-0.060354,True
MCO,False,CAPM,0.025313,0.025313,-0.068665,0.093978,0.9398,0.082687,-0.077708,-0.052395,True
CTAS,False,CAPM,0.017913,0.017913,0.076044,0.05813,0.5813,0.090991,0.052893,0.070807,True
CDNS,True,Grinold-Kahn,0.065796,0.090488,-0.014409,0.104897,1.0,0.148642,-0.148642,-0.058154,True
DELL,False,CAPM,0.045318,0.045318,0.002404,0.042913,0.4291,0.218746,0.093871,0.139189,True
CSX,True,Grinold-Kahn,-0.027266,-0.002574,0.214151,0.216724,1.0,0.1102,0.1102,0.107626,True
MNST,False,CAPM,0.011198,0.011198,0.150734,0.139536,1.0,0.071844,0.071844,0.083042,True
PWR,True,Grinold-Kahn,-0.003785,0.020908,0.25087,0.229962,1.0,0.188933,0.188933,0.209841,True
REGN,False,CAPM,0.018201,0.018201,0.032164,0.013963,0.1396,0.175113,0.024451,0.042652,True
CRH,False,CAPM,0.031018,0.031018,0.118761,0.087743,0.8774,0.104975,0.092108,0.123127,True
EMR,False,CAPM,0.031638,0.031638,0.151481,0.119842,1.0,0.148457,0.148457,0.180095,True
SNPS,False,CAPM,0.03744,0.03744,0.124706,0.087266,0.8727,0.210639,0.183816,0.221256,True
CMI,False,CAPM,0.032748,0.032748,0.230964,0.198216,1.0,0.168409,0.168409,0.201156,True
MDLZ,True,Grinold-Kahn,-0.00551,0.019182,0.040255,0.021073,0.2107,0.08979,0.018921,0.038103,True
HLT,False,CAPM,0.021779,0.021779,0.140737,0.118958,1.0,0.106443,0.106443,0.128222,True
KMI,False,CAPM,0.014822,0.014822,0.202852,0.18803,1.0,0.062969,0.062969,0.077791,True
GM,False,CAPM,0.02337,0.02337,0.149521,0.126152,1.0,0.146988,0.146988,0.170358,True
CI,False,CAPM,0.012039,0.012039,0.013553,0.001514,0.0151,0.094513,0.001431,0.01347,True
TDG,False,CAPM,0.022682,0.022682,-0.006135,0.028817,0.2882,0.075253,-0.021686,0.000996,True
ELV,False,CAPM,0.011812,0.011812,0.068954,0.057142,0.5714,0.156091,0.089194,0.101006,True
DASH,False,CAPM,0.033205,0.033205,-0.072945,0.10615,1.0,0.166629,-0.166629,-0.133424,True
SLB,False,CAPM,0.024989,0.024989,0.353846,0.328857,1.0,0.156394,0.156394,0.181383,True
CL,True,Grinold-Kahn,-0.002777,0.021916,0.167344,0.145428,1.0,0.078808,0.078808,0.100723,True
MSI,False,CAPM,0.012414,0.012414,0.229762,0.217349,1.0,0.120573,0.120573,0.132987,True
ABNB,False,CAPM,0.028623,0.028623,0.112694,0.084071,0.8407,0.098744,0.083015,0.111638,True
HOOD,False,CAPM,0.057452,0.057452,-0.343449,0.400901,1.0,0.354865,-0.354865,-0.297413,True
TRV,True,Grinold-Kahn,0.007065,0.031758,0.053908,0.02215,0.2215,0.038113,0.008442,0.0402,True
TFC,False,CAPM,0.024749,0.024749,0.150143,0.125394,1.0,0.127891,0.127891,0.15264,True
LHX,False,CAPM,0.015875,0.015875,0.248495,0.23262,1.0,0.098753,0.098753,0.114628,True
EOG,False,CAPM,0.015917,0.015917,0.149774,0.133857,1.0,0.089518,0.089518,0.105435,True
PCAR,False,CAPM,0.023016,0.023016,0.236222,0.213205,1.0,0.126907,0.126907,0.149924,True
RSG,False,CAPM,0.013346,0.013346,0.005234,0.008112,0.0811,0.086772,0.007039,0.020385,True
WBD,False,CAPM,0.026714,0.026714,0.215779,0.189065,1.0,0.273533,0.273533,0.300247,True
TEL,False,CAPM,0.029814,0.029814,0.072744,0.04293,0.4293,0.129629,0.055649,0.085463,True
APO,False,CAPM,0.035363,0.035363,-0.078456,0.113819,1.0,0.13768,-0.13768,-0.102317,True
AON,False,CAPM,0.00923,0.00923,-0.063871,0.073101,0.731,0.059462,-0.043467,-0.034237,True
AEP,False,CAPM,0.006298,0.006298,0.076085,0.069786,0.6979,0.052097,0.036356,0.042655,True
COR,False,CAPM,0.012739,0.012739,-0.010949,0.023687,0.2369,0.072577,-0.017192,-0.004453,True
NSC,False,CAPM,0.018932,0.018932,0.103873,0.084941,0.8494,0.098372,0.083558,0.10249,True
BKR,True,Grinold-Kahn,-0.023441,0.001252,0.244913,0.243661,1.0,0.144456,0.144456,0.145708,True
DLR,True,Grinold-Kahn,-0.003142,0.02155,0.119245,0.097695,0.977,0.117068,0.114369,0.13592,True
O,False,CAPM,0.008148,0.008148,0.168463,0.160315,1.0,0.04354,0.04354,0.051688,True
SRE,False,CAPM,0.015371,0.015371,0.018555,0.003184,0.0318,0.125412,0.003994,0.019364,True
VLO,False,CAPM,0.022311,0.022311,0.152318,0.130007,1.0,0.129079,0.129079,0.15139,True
ROST,False,CAPM,0.017715,0.017715,0.148761,0.131046,1.0,0.11804,0.11804,0.135756,True
AZO,False,CAPM,0.014067,0.014067,-0.039072,0.053139,0.5314,0.10227,-0.054345,-0.040278,True
PSX,False,CAPM,0.021369,0.021369,0.152504,0.131136,1.0,0.110833,0.110833,0.132201,True
SPG,False,CAPM,0.018548,0.018548,0.109084,0.090536,0.9054,0.084106,0.076146,0.094694,True
APD,True,Grinold-Kahn,-0.027872,-0.003179,0.095753,0.098932,0.9893,0.098093,0.097045,0.093866,True
F,False,CAPM,0.020954,0.020954,0.098757,0.077804,0.778,0.079242,0.061653,0.082607,True
PSA,False,CAPM,0.015872,0.015872,0.134676,0.118804,1.0,0.050622,0.050622,0.066494,True
GWW,False,CAPM,0.022649,0.022649,0.170543,0.147893,1.0,0.098446,0.098446,0.121095,True
CARR,False,CAPM,0.025572,0.025572,0.206251,0.180679,1.0,0.148446,0.148446,0.174018,True
ALL,True,Grinold-Kahn,0.015255,0.039948,-0.033093,0.073041,0.7304,0.043747,-0.031953,0.007994,True
ZTS,False,CAPM,0.019507,0.019507,0.057854,0.038346,0.3835,0.081258,0.03116,0.050667,True
OKE,False,CAPM,0.018557,0.018557,0.22726,0.208703,1.0,0.110722,0.110722,0.129279,True
AJG,False,CAPM,0.009949,0.009949,-0.146796,0.156745,1.0,0.108308,-0.108308,-0.098359,True
AME,False,CAPM,0.021341,0.021341,0.18168,0.160339,1.0,0.08226,0.08226,0.103601,True
D,False,CAPM,0.009261,0.009261,0.081725,0.072464,0.7246,0.046695,0.033837,0.043098,True
MPC,True,Grinold-Kahn,-4.9e-05,0.024643,0.036702,0.012058,0.1206,0.126266,0.015226,0.039869,True
VST,False,CAPM,0.036681,0.036681,0.017924,0.018757,0.1876,0.261438,0.049038,0.085719,True
NXPI,True,Grinold-Kahn,-0.016871,0.007822,0.198253,0.190431,1.0,0.131283,0.131283,0.139105,True
MPWR,False,CAPM,0.045224,0.045224,0.323987,0.278763,1.0,0.146625,0.146625,0.191849,True
AFL,False,CAPM,0.011376,0.011376,0.032411,0.021034,0.2103,0.045494,0.009569,0.020946,True
URI,True,Grinold-Kahn,0.07376,0.098452,0.130104,0.031652,0.3165,0.197964,0.062659,0.161112,True
FTNT,False,CAPM,0.028795,0.028795,0.014352,0.014443,0.1444,0.122693,0.01772,0.046516,True
ADSK,True,Grinold-Kahn,-0.000635,0.024058,-0.247774,0.271832,1.0,0.11174,-0.11174,-0.087682,True
EXC,False,CAPM,0.004181,0.004181,0.043625,0.039443,0.3944,0.078104,0.030807,0.034988,True
FITB,False,CAPM,0.023242,0.023242,0.242754,0.219512,1.0,0.138045,0.138045,0.161287,True
XEL,False,CAPM,0.008624,0.008624,0.031012,0.022388,0.2239,0.064237,0.014381,0.023006,True
CIEN,False,CAPM,0.041166,0.041166,0.630738,0.589572,1.0,0.331049,0.331049,0.372215,True
GRMN,False,CAPM,0.030194,0.030194,0.262637,0.232444,1.0,0.134478,0.134478,0.164672,True
CVNA,False,CAPM,0.047131,0.047131,0.08277,0.035639,0.3564,0.231362,0.082455,0.129586,True
DHI,False,CAPM,0.015667,0.015667,0.114988,0.099321,0.9932,0.170214,0.169058,0.184726,True
ETR,False,CAPM,0.012771,0.012771,0.11104,0.098269,0.9827,0.053892,0.052959,0.06573,True
TRGP,False,CAPM,0.023418,0.023418,0.309937,0.286519,1.0,0.13155,0.13155,0.154967,True
CMG,False,CAPM,0.024163,0.024163,0.171301,0.147138,1.0,0.153123,0.153123,0.177285,True
CTVA,True,Grinold-Kahn,-0.019297,0.005396,0.154815,0.149419,1.0,0.115974,0.115974,0.121369,True
FANG,False,CAPM,0.021568,0.021568,0.183925,0.162357,1.0,0.116357,0.116357,0.137924,True
MET,False,CAPM,0.024643,0.024643,0.059432,0.034789,0.3479,0.059299,0.02063,0.045273,True
EA,True,Grinold-Kahn,-0.012169,0.012523,-0.000511,0.013034,0.1303,0.117818,-0.015357,-0.002833,True
TGT,False,CAPM,0.022048,0.022048,0.296631,0.274583,1.0,0.172753,0.172753,0.194801,True
CAH,False,CAPM,0.011901,0.011901,0.07147,0.059569,0.5957,0.123136,0.07335,0.085252,True
BDX,False,CAPM,0.016964,0.016964,0.207242,0.190278,1.0,0.143761,0.143761,0.160724,True
FAST,True,Grinold-Kahn,0.004953,0.029646,0.152303,0.122657,1.0,0.119959,0.119959,0.149605,True
FIX,True,Grinold-Kahn,0.015279,0.039972,0.491923,0.451951,1.0,0.272631,0.272631,0.312602,True
OXY,True,Grinold-Kahn,-0.027598,-0.002905,0.229708,0.232613,1.0,0.114595,0.114595,0.11169,True
TER,False,CAPM,0.04375,0.04375,0.716199,0.672449,1.0,0.358404,0.358404,0.402154,True
IDXX,False,CAPM,0.024727,0.024727,-0.132762,0.157489,1.0,0.110993,-0.110993,-0.086266,True
VTR,False,CAPM,0.011958,0.011958,0.087274,0.075316,0.7532,0.071767,0.054052,0.066011,True
AIG,True,Grinold-Kahn,0.006878,0.031571,0.062533,0.030962,0.3096,0.070976,0.021975,0.053546,True
EL,False,CAPM,0.032525,0.032525,0.243258,0.210734,1.0,0.210206,0.210206,0.24273,True
MLM,True,Grinold-Kahn,0.012622,0.037315,0.129907,0.092592,0.9259,0.099054,0.091716,0.129031,True
KEYS,False,CAPM,0.032721,0.032721,0.343667,0.310946,1.0,0.134051,0.134051,0.166772,True
KR,False,CAPM,0.006518,0.006518,0.009534,0.003016,0.0302,0.075626,0.002281,0.008799,True
MCHP,False,CAPM,0.034876,0.034876,0.432358,0.397481,1.0,0.243991,0.243991,0.278867,True
ODFL,False,CAPM,0.027656,0.027656,0.407298,0.379642,1.0,0.162027,0.162027,0.189683,True
PEG,True,Grinold-Kahn,0.001284,0.025976,0.059531,0.033555,0.3355,0.05316,0.017838,0.043814,True
AMP,False,CAPM,0.027544,0.027544,0.055462,0.027919,0.2792,0.093453,0.026091,0.053635,True
NUE,False,CAPM,0.025804,0.025804,0.170236,0.144432,1.0,0.143224,0.143224,0.169028,True
SYY,True,Grinold-Kahn,-0.017898,0.006795,0.169619,0.162825,1.0,0.078466,0.078466,0.08526,True
YUM,False,CAPM,0.012986,0.012986,0.074788,0.061802,0.618,0.071067,0.043921,0.056907,True
CBRE,False,CAPM,0.030466,0.030466,-0.064407,0.094872,0.9487,0.115835,-0.109896,-0.07943,True
NDAQ,False,CAPM,0.024764,0.024764,-0.065338,0.090102,0.901,0.105041,-0.094644,-0.069881,True
DAL,True,Grinold-Kahn,-0.041513,-0.01682,0.17024,0.187061,1.0,0.230147,0.230147,0.213327,True
COIN,False,CAPM,0.057141,0.057141,-0.338638,0.395778,1.0,0.385217,-0.385217,-0.328076,True
EW,False,CAPM,0.020166,0.020166,-0.064907,0.085072,0.8507,0.060021,-0.051061,-0.030895,True
WAB,True,Grinold-Kahn,0.007781,0.032474,0.280694,0.24822,1.0,0.114047,0.114047,0.146522,True
HSY,False,CAPM,0.0093,0.0093,0.182439,0.173139,1.0,0.086414,0.086414,0.095714,True
ROK,False,CAPM,0.033106,0.033106,0.051611,0.018505,0.1851,0.143906,0.02663,0.059736,True
CCL,False,CAPM,0.036392,0.036392,0.190629,0.154237,1.0,0.244608,0.244608,0.280999,True
ROP,False,CAPM,0.023864,0.023864,-0.276729,0.300592,1.0,0.096501,-0.096501,-0.072638,True
UAL,True,Grinold-Kahn,-0.090135,-0.065442,0.203693,0.269135,1.0,0.233474,0.233474,0.168031,True
EME,True,Grinold-Kahn,0.070646,0.095339,0.335321,0.239982,1.0,0.203343,0.203343,0.298681,True
WDAY,True,Grinold-Kahn,0.006238,0.030931,-0.490847,0.521778,1.0,0.113529,-0.113529,-0.082598,True
KMB,False,CAPM,0.008205,0.008205,0.047938,0.039733,0.3973,0.097676,0.038809,0.047015,True
OTIS,False,CAPM,0.011219,0.011219,0.055615,0.044396,0.444,0.058214,0.025844,0.037063,True
PRU,False,CAPM,0.025979,0.025979,-0.018024,0.044004,0.44,0.0806,-0.035467,-0.009488,True
KVUE,False,CAPM,0.011169,0.011169,0.129202,0.118033,1.0,0.147939,0.147939,0.159107,True
A,False,CAPM,0.024865,0.024865,-0.205777,0.230642,1.0,0.161934,-0.161934,-0.137069,True
MTB,False,CAPM,0.022267,0.022267,0.217265,0.194998,1.0,0.121573,0.121573,0.143839,True
STT,False,CAPM,0.027734,0.027734,0.118742,0.091009,0.9101,0.119813,0.10904,0.136774,True
ACGL,False,CAPM,0.009284,0.009284,0.063179,0.053894,0.5389,0.049017,0.026418,0.035702,True
CPRT,False,CAPM,0.020864,0.020864,-0.110201,0.131065,1.0,0.09564,-0.09564,-0.074776,True
WEC,False,CAPM,0.007953,0.007953,0.036778,0.028825,0.2882,0.056998,0.01643,0.024383,True
AXON,False,CAPM,0.027703,0.027703,-0.184811,0.212514,1.0,0.222214,-0.222214,-0.194511,True
TPL,False,CAPM,0.02833,0.02833,0.516413,0.488083,1.0,0.162797,0.162797,0.191127,True
TTWO,True,Grinold-Kahn,0.003709,0.028402,-0.164667,0.193069,1.0,0.087396,-0.087396,-0.058994,True
HBAN,True,Grinold-Kahn,0.007176,0.031869,0.134637,0.102769,1.0,0.122936,0.122936,0.154805,True
IR,False,CAPM,0.026913,0.026913,0.196565,0.169652,1.0,0.128295,0.128295,0.155208,True
HIG,True,Grinold-Kahn,0.019964,0.044656,0.045594,0.000938,0.0094,0.044499,0.000417,0.045074,False
RMD,True,Grinold-Kahn,-0.037201,-0.012508,0.035149,0.047657,0.4766,0.104038,0.049581,0.037073,True
PCG,False,CAPM,0.012033,0.012033,0.161541,0.149508,1.0,0.132429,0.132429,0.144462,True
VMC,True,Grinold-Kahn,0.009323,0.034016,0.058892,0.024876,0.2488,0.094101,0.023409,0.057425,True
KDP,False,CAPM,0.011383,0.011383,0.071115,0.059732,0.5973,0.115827,0.069186,0.080569,True
MSCI,True,Grinold-Kahn,-0.003362,0.021331,-0.028399,0.04973,0.4973,0.058145,-0.028916,-0.007585,True
EBAY,False,CAPM,0.023938,0.023938,0.089182,0.065244,0.6524,0.123477,0.080561,0.104499,True
ED,False,CAPM,0.002218,0.002218,0.099808,0.09759,0.9759,0.085701,0.083636,0.085854,True
DDOG,True,Grinold-Kahn,0.017845,0.042537,-0.309088,0.351625,1.0,0.267957,-0.267957,-0.225419,True
LVS,True,Grinold-Kahn,-0.029996,-0.005303,-0.097896,0.092593,0.9259,0.207578,-0.192202,-0.197505,True
GEHC,False,CAPM,0.023787,0.023787,0.097311,0.073525,0.7352,0.136438,0.100316,0.124102,True
PYPL,False,CAPM,0.032615,0.032615,-0.374498,0.407113,1.0,0.160203,-0.160203,-0.127588,True
CCI,True,Grinold-Kahn,-0.032526,-0.007833,-0.010715,0.002882,0.0288,0.091738,-0.002644,-0.010477,True
LYV,False,CAPM,0.022793,0.022793,0.219355,0.196562,1.0,0.122001,0.122001,0.144794,True
EQT,False,CAPM,0.019263,0.019263,0.061881,0.042618,0.4262,0.092761,0.039533,0.058796,True
NRG,True,Grinold-Kahn,-0.003849,0.020844,0.121346,0.100503,1.0,0.200849,0.200849,0.221693,True
KHC,False,CAPM,0.012284,0.012284,-0.020078,0.032362,0.3236,0.05527,-0.017886,-0.005602,True
CBOE,False,CAPM,0.004629,0.004629,0.133512,0.128883,1.0,0.044785,0.044785,0.049413,True
DTE,False,CAPM,0.008904,0.008904,0.074787,0.065884,0.6588,0.05618,0.037014,0.045917,True
ATO,False,CAPM,0.009954,0.009954,0.038357,0.028403,0.284,0.050523,0.01435,0.024304,True
ROL,False,CAPM,0.018044,0.018044,0.017097,0.000946,0.0095,0.051435,0.000487,0.01853,False
HAL,False,CAPM,0.025657,0.025657,0.313674,0.288017,1.0,0.190031,0.190031,0.215689,True
CHTR,False,CAPM,0.020765,0.020765,0.125569,0.104803,1.0,0.207526,0.207526,0.228291,True
FE,False,CAPM,0.008962,0.008962,0.077726,0.068764,0.6876,0.049665,0.034151,0.043114,True
JBL,True,Grinold-Kahn,-0.026258,-0.001565,0.321085,0.322651,1.0,0.189887,0.189887,0.188322,True
LEN,False,CAPM,0.017478,0.017478,-0.051483,0.068961,0.6896,0.144206,-0.099446,-0.081968,True
WTW,False,CAPM,0.010654,0.010654,-0.040172,0.050825,0.5083,0.065928,-0.033508,-0.022855,True
HPE,True,Grinold-Kahn,0.070223,0.094916,0.046584,0.048332,0.4833,0.227104,0.109763,0.204679,True
