ticker,ticker_slug,p_latest,ic_full,ic_pvalue,gap_signed,gap_abs,ic_degenerate,te_3m,e_alpha_3m_log,test_acc,test_period_start,test_period_end,n_test_samples,status,refresh_decision,reliability_tag,warnings
NVDA,NVDA,0.8683824373678314,-0.6492426492426492,2.1692478862661373e-32,0.44000965250965246,0.44000965250965246,False,,,0.3474903474903475,2025-01-02,2026-01-14,259.0,success,refresh_required,LOW,신뢰도 낮음(IC<=0 또는 p>=0.05) | ensemble train_test_gap_abs > 0.25
AAPL,AAPL,0.5305175443966513,0.4271603318114946,6.542545230255047e-13,0.09317743067743067,0.09317743067743067,False,,,0.6602316602316602,2025-01-02,2026-01-14,259.0,success,refresh_required,OK,
MSFT,MSFT,0.6655960272183158,-0.31703607517561,1.861911419811601e-07,0.5072349947349948,0.5072349947349948,False,,,0.277992277992278,2025-01-02,2026-01-14,259.0,success,refresh_required,LOW,신뢰도 낮음(IC<=0 또는 p>=0.05) | ensemble train_test_gap_abs > 0.25
AMZN,AMZN,0.7944833304322314,-0.06262423936842541,0.3154014700564412,0.44391014391014394,0.44391014391014394,False,,,0.4015444015444015,2025-01-02,2026-01-14,259.0,success,refresh_required,LOW,신뢰도 낮음(IC<=0 또는 p>=0.05) | ensemble train_test_gap_abs > 0.25
GOOGL,GOOGL,0.2865146026297239,0.6575773064145156,1.8625105949500577e-33,0.09344945594945597,0.09344945594945597,False,,,0.7258687258687259,2025-01-02,2026-01-14,259.0,success,refresh_required,OK,
GOOG,GOOG,0.36158621997650253,0.6238574122295052,2.4382258199286443e-29,-0.01768164268164263,0.01768164268164263,False,,,0.7335907335907336,2025-01-02,2026-01-14,259.0,success,refresh_required,OK,
META,META,0.5052937746612371,-0.6920390106436617,2.9994776414805483e-38,0.626461038961039,0.626461038961039,False,,,0.14285714285714285,2025-01-02,2026-01-14,259.0,success,refresh_required,LOW,신뢰도 낮음(IC<=0 또는 p>=0.05) | ensemble train_test_gap_abs > 0.25
AVGO,AVGO,0.438403747205267,-0.10338718478253361,0.09686153081314522,0.2862407862407862,0.2862407862407862,False,,,0.4864864864864865,2025-01-02,2026-01-14,259.0,success,refresh_required,LOW,신뢰도 낮음(IC<=0 또는 p>=0.05) | ensemble train_test_gap_abs > 0.25
TSLA,TSLA,0.6173215646781504,0.7269220408755293,7.690591456116015e-44,-0.05514215514215515,0.05514215514215515,False,,,0.7915057915057915,2025-01-02,2026-01-14,259.0,success,refresh_required,OK,
BRK-B,BRK_B,0.581721615622337,0.4178048224559852,2.3014849299018748e-12,0.3716479466479467,0.3716479466479467,False,,,0.416988416988417,2025-01-02,2026-01-14,259.0,success,refresh_required,OK,ensemble train_test_gap_abs > 0.25
WMT,WMT,,,,,,,,,,,,,skipped_permanent_ineligible,ineligible_cached,NA,permanent ineligible cache: validation 단일 클래스(1)
LLY,LLY,0.645164064152965,0.1185404162148348,0.05675114934847198,0.2825991575991576,0.2825991575991576,False,,,0.47876447876447875,2025-01-02,2026-01-14,259.0,success,refresh_required,LOW,신뢰도 낮음(IC<=0 또는 p>=0.05) | ensemble train_test_gap_abs > 0.25
JPM,JPM,0.6141987768256716,0.07777747080072661,0.2121973439902153,0.23241926991926987,0.23241926991926987,False,,,0.5482625482625483,2025-01-02,2026-01-14,259.0,success,refresh_required,LOW,신뢰도 낮음(IC<=0 또는 p>=0.05)
V,V,0.8222388098625399,-0.27004855609506767,1.0473796397218049e-05,0.38775008775008774,0.38775008775008774,False,,,0.3667953667953668,2025-01-02,2026-01-14,259.0,success,refresh_required,LOW,신뢰도 낮음(IC<=0 또는 p>=0.05) | ensemble train_test_gap_abs > 0.25
XOM,XOM,0.6959390424126916,-0.6944343525738874,1.314466605017616e-38,0.6008160758160759,0.6008160758160759,False,,,0.1969111969111969,2025-01-02,2026-01-14,259.0,success,refresh_required,LOW,신뢰도 낮음(IC<=0 또는 p>=0.05) | ensemble train_test_gap_abs > 0.25
JNJ,JNJ,0.3038601829565803,-0.30280768885420045,6.808352696439632e-07,0.45879694629694634,0.45879694629694634,False,,,0.23552123552123552,2025-01-02,2026-01-14,259.0,success,refresh_required,LOW,신뢰도 낮음(IC<=0 또는 p>=0.05) | ensemble train_test_gap_abs > 0.25
MU,MU,0.13800705233074462,-0.41793536444699236,2.2620460576413913e-12,0.7105387855387856,0.7105387855387856,False,,,0.12355212355212356,2025-01-02,2026-01-14,259.0,success,refresh_required,LOW,신뢰도 낮음(IC<=0 또는 p>=0.05) | ensemble train_test_gap_abs > 0.25
MA,MA,0.805984074459464,-0.28933768933768933,2.184017356003241e-06,0.375495787995788,0.375495787995788,False,,,0.3938223938223938,2025-01-02,2026-01-14,259.0,success,refresh_required,LOW,신뢰도 낮음(IC<=0 또는 p>=0.05) | ensemble train_test_gap_abs > 0.25
COST,COST,0.7282948675515359,0.5669818553539483,1.978173534934862e-23,0.2976439101439101,0.2976439101439101,False,,,0.5444015444015444,2025-01-02,2026-01-14,259.0,success,refresh_required,OK,ensemble train_test_gap_abs > 0.25
ORCL,ORCL,0.6888991143370713,0.7316008316008316,1.1742295696346508e-44,-0.025829238329238335,0.025829238329238335,False,,,0.7837837837837838,2025-01-02,2026-01-14,259.0,success,refresh_required,OK,
ABBV,ABBV,0.535957967823968,0.4207230230486045,1.5610755807772896e-12,0.1631405756405756,0.1631405756405756,False,,,0.6061776061776062,2025-01-02,2026-01-14,259.0,success,refresh_required,OK,
BAC,BAC,0.4087016225415212,-0.22252919927338533,0.0003070170689524932,0.3164048789048789,0.3164048789048789,False,,,0.3938223938223938,2025-01-02,2026-01-14,259.0,success,refresh_required,LOW,신뢰도 낮음(IC<=0 또는 p>=0.05) | ensemble train_test_gap_abs > 0.25
HD,HD,0.8352796210324537,0.528427072613119,4.96381534359613e-20,0.3694278694278694,0.3694278694278694,False,,,0.4942084942084942,2025-01-02,2026-01-14,259.0,success,refresh_required,OK,ensemble train_test_gap_abs > 0.25
PG,PG,0.45511796847049285,0.010695464183836276,0.8639882536318136,0.15222885222885219,0.15222885222885219,False,,,0.6023166023166023,2025-01-02,2026-01-14,259.0,success,refresh_required,LOW,신뢰도 낮음(IC<=0 또는 p>=0.05)
CVX,CVX,0.4600662871315335,-0.1247263107728224,0.04491940887163451,0.27876447876447885,0.27876447876447885,False,,,0.5212355212355212,2025-01-02,2026-01-14,259.0,success,refresh_required,LOW,신뢰도 낮음(IC<=0 또는 p>=0.05) | ensemble train_test_gap_abs > 0.25
GE,GE,0.29163356407934926,-0.6541991007107285,5.085268040850674e-33,0.3696472446472447,0.3696472446472447,False,,,0.4826254826254826,2025-01-02,2026-01-14,259.0,success,refresh_required,LOW,신뢰도 낮음(IC<=0 또는 p>=0.05) | ensemble train_test_gap_abs > 0.25
CAT,CAT,0.47141379104826847,-0.47751431472361694,3.71059706904001e-16,0.31962091962091965,0.31962091962091965,False,,,0.444015444015444,2025-01-02,2026-01-14,259.0,success,refresh_required,LOW,신뢰도 낮음(IC<=0 또는 p>=0.05) | ensemble train_test_gap_abs > 0.25
KO,KO,0.5087751899619313,-0.3043306787492834,5.945353448948252e-07,0.18556949806949807,0.18556949806949807,False,,,0.5019305019305019,2025-01-02,2026-01-14,259.0,success,refresh_required,LOW,신뢰도 낮음(IC<=0 또는 p>=0.05)
NFLX,NFLX,0.6386608679210899,0.20385064338552708,0.0009685339973272709,0.2762987012987014,0.2762987012987014,False,,,0.5714285714285714,2025-01-02,2026-01-14,259.0,success,refresh_required,OK,ensemble train_test_gap_abs > 0.25
AMD,AMD,0.5815987183840086,0.14953450289618964,0.0162279950019765,0.37356412966878083,0.37356412966878083,False,,,0.3798449612403101,2025-01-02,2026-01-13,258.0,success,refresh_required,OK,ensemble train_test_gap_abs > 0.25
PLTR,PLTR,0.5657287685164809,-0.3591244707523777,2.6598942959535265e-09,0.14788646200749944,0.14788646200749944,False,,,0.61003861003861,2025-01-02,2026-01-14,259.0,success,refresh_required,LOW,신뢰도 낮음(IC<=0 또는 p>=0.05)
CSCO,CSCO,0.3837273168424066,0.007094162908116396,0.909539875246495,0.4434055809055809,0.4434055809055809,False,,,0.3281853281853282,2025-01-02,2026-01-14,259.0,success,refresh_required,LOW,신뢰도 낮음(IC<=0 또는 p>=0.05) | ensemble train_test_gap_abs > 0.25
LRCX,LRCX,0.2349197427824649,-0.26652668513133626,1.3770426480628211e-05,0.18562214812214817,0.18562214812214817,False,,,0.5791505791505791,2025-01-02,2026-01-14,259.0,success,refresh_required,LOW,신뢰도 낮음(IC<=0 또는 p>=0.05)
MRK,MRK,,,,,,,,,,,,,skipped_permanent_ineligible,ineligible_cached,NA,permanent ineligible cache: validation 단일 클래스(1)
AMAT,AMAT,0.25952985335588974,-0.29224138526464105,1.7072756248878523e-06,0.31100824850824854,0.31100824850824854,False,,,0.47876447876447875,2025-01-02,2026-01-14,259.0,success,refresh_required,LOW,신뢰도 낮음(IC<=0 또는 p>=0.05) | ensemble train_test_gap_abs > 0.25
PM,PM,0.5708823314902916,0.17404217404217404,0.004971662688602432,0.20153123903123904,0.20153123903123904,False,,,0.5791505791505791,2025-01-02,2026-01-14,259.0,success,refresh_required,OK,
MS,MS,0.4991339683570515,0.20303216582286346,0.0010162830041278283,0.23040540540540533,0.23040540540540533,False,,,0.5945945945945946,2025-01-02,2026-01-14,259.0,success,refresh_required,OK,
GS,GS,0.48559518178380334,0.3075320656716005,4.4601522178034524e-07,0.30494032994032993,0.30494032994032993,False,,,0.5791505791505791,2025-01-02,2026-01-14,259.0,success,refresh_required,OK,ensemble train_test_gap_abs > 0.25
RTX,RTX,0.4771106424709833,-0.3115830115830116,3.0850357148671977e-07,0.5116268866268866,0.5116268866268866,False,,,0.3861003861003861,2025-01-02,2026-01-14,259.0,success,refresh_required,LOW,신뢰도 낮음(IC<=0 또는 p>=0.05) | ensemble train_test_gap_abs > 0.25
WFC,WFC,0.3838291671127044,0.1523349058232779,0.014124578626097785,0.1660451035451035,0.1660451035451035,False,,,0.5328185328185329,2025-01-02,2026-01-14,259.0,success,refresh_required,OK,
UNH,UNH,0.6673754822452449,-0.09558712814526768,0.12493034932106548,0.5579062829062829,0.5579062829062829,False,,,0.2625482625482625,2025-01-02,2026-01-14,259.0,success,refresh_required,LOW,신뢰도 낮음(IC<=0 또는 p>=0.05) | ensemble train_test_gap_abs > 0.25
IBM,IBM,0.6661296298967225,0.46584565654333093,2.344085672230398e-15,0.1322657072657073,0.1322657072657073,False,,,0.6563706563706564,2025-01-02,2026-01-14,259.0,success,refresh_required,OK,
AXP,AXP,0.6153643153362898,0.4422196282661398,7.949278230550821e-14,0.11360565110565113,0.11360565110565113,False,,,0.6216216216216216,2025-01-02,2026-01-14,259.0,success,refresh_required,OK,
TMUS,TMUS,0.597604937462658,0.014979175444291722,0.8103965913232419,0.6185723060723061,0.6185723060723061,False,,,0.23938223938223938,2025-01-02,2026-01-14,259.0,success,refresh_required,LOW,신뢰도 낮음(IC<=0 또는 p>=0.05) | ensemble train_test_gap_abs > 0.25
MCD,MCD,0.7004496755300136,-0.3110746575862855,3.232074707094174e-07,0.348016848016848,0.348016848016848,False,,,0.4247104247104247,2025-01-02,2026-01-14,259.0,success,refresh_required,LOW,신뢰도 낮음(IC<=0 또는 p>=0.05) | ensemble train_test_gap_abs > 0.25
LIN,LIN,0.42904711382496297,0.27417547882664156,7.563388166024453e-06,0.343989118989119,0.343989118989119,False,,,0.5173745173745173,2025-01-02,2026-01-14,259.0,success,refresh_required,OK,ensemble train_test_gap_abs > 0.25
GEV,GEV,,,,,,,,,,,,,skipped_permanent_ineligible,ineligible_cached,NA,permanent ineligible cache: scaler_zero_sample
PEP,PEP,0.4691280609651463,-0.08960015471643377,0.15046333474967774,0.2630747630747631,0.2630747630747631,False,,,0.5096525096525096,2025-01-02,2026-01-14,259.0,success,refresh_required,LOW,신뢰도 낮음(IC<=0 또는 p>=0.05) | ensemble train_test_gap_abs > 0.25
INTC,INTC,0.3683738890399293,-0.3470717842810866,9.584369373747051e-09,0.3809055809055809,0.3809055809055809,False,,,0.3281853281853282,2025-01-02,2026-01-14,259.0,success,refresh_required,LOW,신뢰도 낮음(IC<=0 또는 p>=0.05) | ensemble train_test_gap_abs > 0.25
VZ,VZ,0.2374485550702495,0.434821558077372,2.2682925258192647e-13,0.18090996840996842,0.18090996840996842,False,,,0.667953667953668,2025-01-02,2026-01-14,259.0,success,refresh_required,OK,
C,C,0.39015727061423333,0.3285735006665239,6.185443238411255e-08,0.3586038961038961,0.3586038961038961,False,,,0.2857142857142857,2025-01-02,2026-01-14,259.0,success,refresh_required,OK,ensemble train_test_gap_abs > 0.25
AMGN,AMGN,0.28600029001558125,-0.06538910492398864,0.294468039268186,0.4120919620919621,0.4120919620919621,False,,,0.4015444015444015,2025-01-02,2026-01-14,259.0,success,refresh_required,LOW,신뢰도 낮음(IC<=0 또는 p>=0.05) | ensemble train_test_gap_abs > 0.25
TXN,TXN,0.18529876247322274,0.4184064207320021,2.1251365159322264e-12,0.12476307476307469,0.12476307476307469,False,,,0.6525096525096525,2025-01-02,2026-01-14,259.0,success,refresh_required,OK,
KLAC,KLAC,0.11980870593247679,-0.11091027137538766,0.07478197456950827,0.42823359073359074,0.42823359073359074,False,,,0.4092664092664093,2025-01-02,2026-01-14,259.0,success,refresh_required,LOW,신뢰도 낮음(IC<=0 또는 p>=0.05) | ensemble train_test_gap_abs > 0.25
T,T,0.5314613764504973,0.3096773747936538,3.671702004573963e-07,-0.059674447174447254,0.059674447174447254,False,,,0.8108108108108109,2025-01-02,2026-01-14,259.0,success,refresh_required,OK,
ABT,ABT,0.31679247421983525,-0.04025666351247747,0.5189288308798755,0.13093629343629343,0.13093629343629343,False,,,0.7065637065637066,2025-01-02,2026-01-14,259.0,success,refresh_required,LOW,신뢰도 낮음(IC<=0 또는 p>=0.05)
NEE,NEE,0.35440605970286804,-0.014137904835579253,0.8208601464878252,0.47107757107757103,0.47107757107757103,False,,,0.2471042471042471,2025-01-02,2026-01-14,259.0,success,refresh_required,LOW,신뢰도 낮음(IC<=0 또는 p>=0.05) | ensemble train_test_gap_abs > 0.25
TMO,TMO,0.6888263014391875,-0.0067888742307346955,0.9134171471545902,0.2596919971919972,0.2596919971919972,False,,,0.5482625482625483,2025-01-02,2026-01-14,259.0,success,refresh_required,LOW,신뢰도 낮음(IC<=0 또는 p>=0.05) | ensemble train_test_gap_abs > 0.25
GILD,GILD,0.4814692396165502,-0.23908800187869955,0.00010205726672372495,0.34935942435942435,0.34935942435942435,False,,,0.3938223938223938,2025-01-02,2026-01-14,259.0,success,refresh_required,LOW,신뢰도 낮음(IC<=0 또는 p>=0.05) | ensemble train_test_gap_abs > 0.25
DIS,DIS,0.08681907539119657,0.5434318038969201,2.6583107686009925e-21,0.14484468234468229,0.14484468234468229,False,,,0.7722007722007722,2025-01-02,2026-01-14,259.0,success,refresh_required,OK,
APH,APH,0.39482136710510496,0.44783431527617573,3.525989911676809e-14,0.4829457704457705,0.4829457704457705,False,,,0.3204633204633205,2025-01-02,2026-01-14,259.0,success,refresh_required,OK,ensemble train_test_gap_abs > 0.25
ISRG,ISRG,0.3593784843675754,0.2147305240328496,0.0005019317679973035,0.27127500877500876,0.27127500877500876,False,,,0.5366795366795367,2025-01-02,2026-01-14,259.0,success,refresh_required,OK,ensemble train_test_gap_abs > 0.25
BA,BA,0.17448488403669649,0.4564390355088029,9.850912024654434e-15,0.4050807300807301,0.4050807300807301,False,,,0.4517374517374517,2025-01-02,2026-01-14,259.0,success,refresh_required,OK,ensemble train_test_gap_abs > 0.25
DE,DE,0.30652297759606106,0.1806922179015202,0.0035233358274845204,0.24563004563004553,0.24563004563004553,False,,,0.5907335907335908,2025-01-02,2026-01-14,259.0,success,refresh_required,OK,
ADI,ADI,0.22494023848381275,-0.10917316498711845,0.079478009282928,0.2676202176202176,0.2676202176202176,False,,,0.5096525096525096,2025-01-02,2026-01-14,259.0,success,refresh_required,LOW,신뢰도 낮음(IC<=0 또는 p>=0.05) | ensemble train_test_gap_abs > 0.25
TJX,TJX,0.22510033078659492,0.03846291985826869,0.5377387191367421,0.4286723411723412,0.4286723411723412,False,,,0.3861003861003861,2025-01-02,2026-01-14,259.0,success,refresh_required,LOW,신뢰도 낮음(IC<=0 또는 p>=0.05) | ensemble train_test_gap_abs > 0.25
CRM,CRM,0.6555147890139686,0.032308106726711375,0.6047583777326345,0.4768252018252018,0.4768252018252018,False,,,0.3436293436293436,2025-01-02,2026-01-14,259.0,success,refresh_required,LOW,신뢰도 낮음(IC<=0 또는 p>=0.05) | ensemble train_test_gap_abs > 0.25
ANET,ANET,0.7973956922599115,0.46947389505529036,1.3314243103565449e-15,0.30424271674271675,0.30424271674271675,False,,,0.555984555984556,2025-01-02,2026-01-14,259.0,success,refresh_required,OK,ensemble train_test_gap_abs > 0.25
SCHW,SCHW,0.49530315240249834,-0.22677354072702907,0.00023325312953077686,0.3007809757809758,0.3007809757809758,False,,,0.47876447876447875,2025-01-02,2026-01-14,259.0,success,refresh_required,LOW,신뢰도 낮음(IC<=0 또는 p>=0.05) | ensemble train_test_gap_abs > 0.25
BLK,BLK,0.5695289905454353,0.15530767158674136,0.012330088606235268,0.29286591786591787,0.29286591786591787,False,,,0.5366795366795367,2025-01-02,2026-01-14,259.0,success,refresh_required,OK,ensemble train_test_gap_abs > 0.25
UNP,UNP,0.5316964515282774,0.6908164745374047,4.5558265206261216e-38,-0.032866795366795376,0.032866795366795376,False,,,0.7953667953667953,2025-01-02,2026-01-14,259.0,success,refresh_required,OK,
LOW,LOW,0.5324006916191204,0.5686319337482127,1.3826124061040582e-23,0.39507283257283254,0.39507283257283254,False,,,0.44015444015444016,2025-01-02,2026-01-14,259.0,success,refresh_required,OK,ensemble train_test_gap_abs > 0.25
HON,HON,0.39322720169357606,0.18022323371160578,0.003611325089217151,0.20700684450684448,0.20700684450684448,False,,,0.61003861003861,2025-01-02,2026-01-14,259.0,success,refresh_required,OK,
PFE,PFE,0.44121325270180217,0.4794758980805492,2.7030229200726166e-16,0.06612407862407854,0.06612407862407854,False,,,0.6486486486486487,2025-01-02,2026-01-14,259.0,success,refresh_required,OK,
LMT,LMT,0.3886329529963488,-0.11492046608325679,0.06479837050010559,0.4187434187434187,0.4187434187434187,False,,,0.49034749034749037,2025-01-02,2026-01-14,259.0,success,refresh_required,LOW,신뢰도 낮음(IC<=0 또는 p>=0.05) | ensemble train_test_gap_abs > 0.25
DHR,DHR,0.7515307301671733,0.22100690007666748,0.00033839268154484695,0.2664970164970164,0.2664970164970164,False,,,0.528957528957529,2025-01-02,2026-01-14,259.0,success,refresh_required,OK,ensemble train_test_gap_abs > 0.25
UBER,UBER,0.4192893334082071,-0.4082068779743198,8.037604289106654e-12,0.5472534222534222,0.5472534222534222,False,,,0.305019305019305,2025-01-02,2026-01-14,259.0,success,refresh_required,LOW,신뢰도 낮음(IC<=0 또는 p>=0.05) | ensemble train_test_gap_abs > 0.25
QCOM,QCOM,0.7147925668711154,0.1603525324455557,0.009740855745082303,0.1845121095121095,0.1845121095121095,False,,,0.6177606177606177,2025-01-02,2026-01-14,259.0,success,refresh_required,OK,
WELL,WELL,0.4505197461166941,0.441115892278683,9.310415026790022e-14,0.08005879255879256,0.08005879255879256,False,,,0.752895752895753,2025-01-02,2026-01-14,259.0,success,refresh_required,OK,
ETN,ETN,0.7955915879830244,0.33694269275664623,2.7012602485993558e-08,0.3480563355563356,0.3480563355563356,False,,,0.4826254826254826,2025-01-02,2026-01-14,259.0,success,refresh_required,OK,ensemble train_test_gap_abs > 0.25
APP,APP,0.4631688936064349,-0.029743543697032068,0.6337416341199144,0.37332246634572214,0.37332246634572214,False,,,0.47104247104247104,2025-01-02,2026-01-14,259.0,success,refresh_required,LOW,신뢰도 낮음(IC<=0 또는 p>=0.05) | ensemble train_test_gap_abs > 0.25
SYK,SYK,0.6216443399664723,-0.01871378150447918,0.7643760168756114,0.35828360828360833,0.35828360828360833,False,,,0.4826254826254826,2025-01-02,2026-01-14,259.0,success,refresh_required,LOW,신뢰도 낮음(IC<=0 또는 p>=0.05) | ensemble train_test_gap_abs > 0.25
COP,COP,,,,,,,,,,,,,skipped_permanent_ineligible,ineligible_cached,NA,permanent ineligible cache: validation 단일 클래스(1)
NEM,NEM,0.31329084383244704,0.32879935903191715,6.050643610646485e-08,0.6882239382239382,0.6882239382239382,False,,,0.06177606177606178,2025-01-02,2026-01-14,259.0,success,refresh_required,OK,ensemble train_test_gap_abs > 0.25
ACN,ACN,0.29894642494964524,0.29724411352318325,1.1098109845234782e-06,0.15155756405756404,0.15155756405756404,False,,,0.6177606177606177,2025-01-02,2026-01-14,259.0,success,refresh_required,OK,
PLD,PLD,0.680944635667839,0.2966694524834059,1.1665843796343154e-06,0.32265707265707266,0.32265707265707266,False,,,0.5637065637065637,2025-01-02,2026-01-14,259.0,success,refresh_required,OK,ensemble train_test_gap_abs > 0.25
BKNG,BKNG,0.26873622085360815,0.26091560749057807,2.1925426473570747e-05,0.17227801268498943,0.17227801268498943,False,,,0.5697674418604651,2025-01-02,2026-01-13,258.0,success,refresh_required,OK,
COF,COF,0.38509301419212993,-0.061855492088050225,0.32139039598874836,0.14290540540540542,0.14290540540540542,False,,,0.5945945945945946,2025-01-02,2026-01-14,259.0,success,refresh_required,LOW,신뢰도 낮음(IC<=0 또는 p>=0.05)
CB,CB,0.23748280211411799,-0.057042705879915175,0.36054886217830817,0.31712881712881713,0.31712881712881713,False,,,0.4555984555984556,2025-01-02,2026-01-14,259.0,success,refresh_required,LOW,신뢰도 낮음(IC<=0 또는 p>=0.05) | ensemble train_test_gap_abs > 0.25
PH,PH,0.558030179580752,-0.23770522375173536,0.00011222956903366638,0.29491926991926987,0.29491926991926987,False,,,0.5482625482625483,2025-01-02,2026-01-14,259.0,success,refresh_required,LOW,신뢰도 낮음(IC<=0 또는 p>=0.05) | ensemble train_test_gap_abs > 0.25
MDT,MDT,0.29246986999420366,0.30765017509203557,4.4128173777332863e-07,0.09635398385398386,0.09635398385398386,False,,,0.6525096525096525,2025-01-02,2026-01-14,259.0,success,refresh_required,OK,
BMY,BMY,0.43052532840973234,0.07271948667297504,0.24353633698848387,0.1588144963144963,0.1588144963144963,False,,,0.5945945945945946,2025-01-02,2026-01-14,259.0,success,refresh_required,LOW,신뢰도 낮음(IC<=0 또는 p>=0.05)
SPGI,SPGI,0.5594900896144724,0.024663457221596755,0.6927978871294959,0.2846393471393472,0.2846393471393472,False,,,0.47104247104247104,2025-01-02,2026-01-14,259.0,success,refresh_required,LOW,신뢰도 낮음(IC<=0 또는 p>=0.05) | ensemble train_test_gap_abs > 0.25
VRTX,VRTX,0.5376085749724161,-0.2851555107369061,3.099040342265449e-06,0.4482362232362232,0.4482362232362232,False,,,0.41312741312741313,2025-01-02,2026-01-14,259.0,success,refresh_required,LOW,신뢰도 낮음(IC<=0 또는 p>=0.05) | ensemble train_test_gap_abs > 0.25
PANW,PANW,0.8175770955593396,0.26104737500086334,2.091929157723852e-05,0.5465952965952966,0.5465952965952966,False,,,0.33976833976833976,2025-01-02,2026-01-14,259.0,success,refresh_required,OK,ensemble train_test_gap_abs > 0.25
GLW,GLW,0.5013930194369698,0.19922158294251313,0.0012684300365283748,0.14992979992979993,0.14992979992979993,False,,,0.5637065637065637,2025-01-02,2026-01-14,259.0,success,refresh_required,OK,
PGR,PGR,0.7082690321158608,-0.24270726131191248,7.9375975147754e-05,0.7096086346086345,0.7096086346086345,False,,,0.09266409266409266,2025-01-02,2026-01-14,259.0,success,refresh_required,LOW,신뢰도 낮음(IC<=0 또는 p>=0.05) | ensemble train_test_gap_abs > 0.25
HCA,HCA,0.6067161661580864,0.43722035349942323,1.619034683476456e-13,0.1450640575640575,0.1450640575640575,False,,,0.7606177606177607,2025-01-02,2026-01-14,259.0,success,refresh_required,OK,
MCK,MCK,0.6557012907620325,0.10885060885060885,0.08037569566216482,0.3364996489996489,0.3364996489996489,False,,,0.5328185328185329,2025-01-02,2026-01-14,259.0,success,refresh_required,LOW,신뢰도 낮음(IC<=0 또는 p>=0.05) | ensemble train_test_gap_abs > 0.25
MO,MO,0.7849830960896067,0.511598206947044,1.118055736239463e-18,0.13273078273078276,0.13273078273078276,False,,,0.6718146718146718,2025-01-02,2026-01-14,259.0,success,refresh_required,OK,
CMCSA,CMCSA,0.44318291923217557,-0.3876289015823899,1.0295048461710906e-10,0.31919533169533165,0.31919533169533165,False,,,0.4864864864864865,2025-01-02,2026-01-14,259.0,success,refresh_required,LOW,신뢰도 낮음(IC<=0 또는 p>=0.05) | ensemble train_test_gap_abs > 0.25
SBUX,SBUX,0.6962716064790238,0.10931752094542792,0.07907889449465764,0.38669269919269916,0.38669269919269916,False,,,0.4826254826254826,2025-01-02,2026-01-14,259.0,success,refresh_required,LOW,신뢰도 낮음(IC<=0 또는 p>=0.05) | ensemble train_test_gap_abs > 0.25
CME,CME,0.20260652608912355,0.4457663643710155,4.765054453572037e-14,0.18382765882765884,0.18382765882765884,False,,,0.6138996138996139,2025-01-02,2026-01-14,259.0,success,refresh_required,OK,
BSX,BSX,0.6110209637638616,-0.47573231294161517,4.93946262497709e-16,0.7000789750789751,0.7000789750789751,False,,,0.11583011583011583,2025-01-02,2026-01-14,259.0,success,refresh_required,LOW,신뢰도 낮음(IC<=0 또는 p>=0.05) | ensemble train_test_gap_abs > 0.25
TT,TT,0.6430394735195912,-0.43167335492916886,3.516812445868491e-13,0.2891848016848017,0.2891848016848017,False,,,0.47104247104247104,2025-01-02,2026-01-14,259.0,success,refresh_required,LOW,신뢰도 낮음(IC<=0 또는 p>=0.05) | ensemble train_test_gap_abs > 0.25
HWM,HWM,0.809430265143174,0.46400978028885,3.1129398393930316e-15,-0.009933309933309986,0.009933309933309986,False,,,0.7644787644787645,2025-01-02,2026-01-14,259.0,success,refresh_required,OK,
SO,SO,0.43182474727295567,0.04469647260344934,0.47386767169039995,0.09494559494559485,0.09494559494559485,False,,,0.5868725868725869,2025-01-02,2026-01-14,259.0,success,refresh_required,LOW,신뢰도 낮음(IC<=0 또는 p>=0.05)
INTU,INTU,0.7704593040521079,-0.31119276700672044,3.197323907127789e-07,0.3979378729378729,0.3979378729378729,False,,,0.3088803088803089,2025-01-02,2026-01-14,259.0,success,refresh_required,LOW,신뢰도 낮음(IC<=0 또는 p>=0.05) | ensemble train_test_gap_abs > 0.25
ADBE,ADBE,0.4642970052393495,0.12785931855699298,0.03976375234073427,0.3039312039312039,0.3039312039312039,False,,,0.43243243243243246,2025-01-02,2026-01-14,259.0,success,refresh_required,OK,ensemble train_test_gap_abs > 0.25
CEG,CEG,0.8644707784258303,0.20845207589393633,0.0007364161936270448,0.37600481043103995,0.37600481043103995,False,,,0.583011583011583,2025-01-02,2026-01-14,259.0,success,refresh_required,OK,ensemble train_test_gap_abs > 0.25
NOW,NOW,0.5375370621968452,-0.13614977103349196,0.0284709204111551,0.5913127413127413,0.5913127413127413,False,,,0.25868725868725867,2025-01-02,2026-01-14,259.0,success,refresh_required,LOW,신뢰도 낮음(IC<=0 또는 p>=0.05) | ensemble train_test_gap_abs > 0.25
NOC,NOC,0.4911083004094883,-0.08941228476112197,0.1513242205905261,0.24083889083889087,0.24083889083889087,False,,,0.5637065637065637,2025-01-02,2026-01-14,259.0,success,refresh_required,LOW,신뢰도 낮음(IC<=0 또는 p>=0.05)
UPS,UPS,0.19370236259895388,-0.38834032089846043,9.453707612693542e-11,0.301026676026676,0.301026676026676,False,,,0.5057915057915058,2025-01-02,2026-01-14,259.0,success,refresh_required,LOW,신뢰도 낮음(IC<=0 또는 p>=0.05) | ensemble train_test_gap_abs > 0.25
DUK,DUK,0.6925359419626542,-0.15352014421781862,0.013383350173097837,0.38027378027378034,0.38027378027378034,False,,,0.4015444015444015,2025-01-02,2026-01-14,259.0,success,refresh_required,LOW,신뢰도 낮음(IC<=0 또는 p>=0.05) | ensemble train_test_gap_abs > 0.25
CRWD,CRWD,0.7110311828733322,0.24414943949827667,7.173434400130653e-05,0.09727097227097226,0.09727097227097226,False,,,0.6640926640926641,2025-01-02,2026-01-14,259.0,success,refresh_required,OK,
CVS,CVS,0.3997312965891622,-0.4601826206477369,5.5928269061413646e-15,0.4122718497718497,0.4122718497718497,False,,,0.33204633204633205,2025-01-02,2026-01-14,259.0,success,refresh_required,LOW,신뢰도 낮음(IC<=0 또는 p>=0.05) | ensemble train_test_gap_abs > 0.25
WM,WM,0.5184911661849375,0.36252892299403927,1.8337989055749108e-09,0.30076781326781327,0.30076781326781327,False,,,0.4594594594594595,2025-01-02,2026-01-14,259.0,success,refresh_required,OK,ensemble train_test_gap_abs > 0.25
EQIX,EQIX,0.417782490895104,0.03413362250571552,0.5844948834183415,0.38525798525798527,0.38525798525798527,False,,,0.3783783783783784,2025-01-02,2026-01-14,259.0,success,refresh_required,LOW,신뢰도 낮음(IC<=0 또는 p>=0.05) | ensemble train_test_gap_abs > 0.25
USB,USB,0.31777292942922286,0.6153901409715363,2.2052812037439816e-28,0.1118769743769743,0.1118769743769743,False,,,0.752895752895753,2025-01-02,2026-01-14,259.0,success,refresh_required,OK,
FDX,FDX,0.4610880598776298,-0.299392185438697,9.20113345777236e-07,0.3909398034398034,0.3909398034398034,False,,,0.3783783783783784,2025-01-02,2026-01-14,259.0,success,refresh_required,LOW,신뢰도 낮음(IC<=0 또는 p>=0.05) | ensemble train_test_gap_abs > 0.25
MAR,MAR,0.617587167288866,0.2024139907860838,0.001053772145981805,0.16013074763074764,0.16013074763074764,False,,,0.525096525096525,2025-01-02,2026-01-14,259.0,success,refresh_required,OK,
FCX,FCX,0.2322178207547009,0.02356800961452124,0.7057953547153141,0.3707836082836083,0.3707836082836083,False,,,0.4826254826254826,2025-01-02,2026-01-14,259.0,success,refresh_required,LOW,신뢰도 낮음(IC<=0 또는 p>=0.05) | ensemble train_test_gap_abs > 0.25
BX,BX,0.5821552085220245,-0.6211726676842955,4.937176485600665e-29,0.7305545805545806,0.7305545805545806,False,,,0.14671814671814673,2025-01-02,2026-01-14,259.0,success,refresh_required,LOW,신뢰도 낮음(IC<=0 또는 p>=0.05) | ensemble train_test_gap_abs > 0.25
PNC,PNC,0.6193792667528555,-0.0670523065871903,0.28233197452754455,0.39979817479817487,0.39979817479817487,False,,,0.37065637065637064,2025-01-02,2026-01-14,259.0,success,refresh_required,LOW,신뢰도 낮음(IC<=0 또는 p>=0.05) | ensemble train_test_gap_abs > 0.25
GD,GD,0.48524361693044676,0.20723161188277467,0.0007923771419365214,0.27760179010179015,0.27760179010179015,False,,,0.4826254826254826,2025-01-02,2026-01-14,259.0,success,refresh_required,OK,ensemble train_test_gap_abs > 0.25
SNDK,SNDK,,,,,,,,,,,,,skipped_permanent_ineligible,ineligible_cached,NA,permanent ineligible cache: scaler_zero_sample
WDC,WDC,0.314262428483116,-0.043080238429075636,0.49001949256747984,0.5038390663390664,0.5038390663390664,False,,,0.2972972972972973,2025-01-02,2026-01-14,259.0,success,refresh_required,LOW,신뢰도 낮음(IC<=0 또는 p>=0.05) | ensemble train_test_gap_abs > 0.25
NKE,NKE,0.5265536187354484,0.41932574025597275,1.8808224251725732e-12,0.014369076869076958,0.014369076869076958,False,,,0.7413127413127413,2025-01-02,2026-01-14,259.0,success,refresh_required,OK,
AMT,AMT,0.3490810883861393,0.2357160124601985,0.0001285410446898457,0.2997367497367498,0.2997367497367498,False,,,0.6138996138996139,2025-01-02,2026-01-14,259.0,success,refresh_required,OK,ensemble train_test_gap_abs > 0.25
ITW,ITW,0.7219930289126183,0.02313286964449755,0.7109823117884742,0.40371182871182876,0.40371182871182876,False,,,0.444015444015444,2025-01-02,2026-01-14,259.0,success,refresh_required,LOW,신뢰도 낮음(IC<=0 또는 p>=0.05) | ensemble train_test_gap_abs > 0.25
RCL,RCL,0.56849115999577,0.15638516103632383,0.011731083964265929,0.388500351000351,0.388500351000351,False,,,0.4671814671814672,2025-01-02,2026-01-14,259.0,success,refresh_required,OK,ensemble train_test_gap_abs > 0.25
ECL,ECL,0.4095052855173428,0.3845981171562567,1.4769822502693907e-10,0.03934275184275182,0.03934275184275182,False,,,0.7027027027027027,2025-01-02,2026-01-14,259.0,success,refresh_required,OK,
ADP,ADP,0.21325656130164578,-0.5017150040405854,6.436334451490108e-18,0.6498464373464373,0.6498464373464373,False,,,0.10810810810810811,2025-01-02,2026-01-14,259.0,success,refresh_required,LOW,신뢰도 낮음(IC<=0 또는 p>=0.05) | ensemble train_test_gap_abs > 0.25
MRSH,MRSH,0.5291765928973102,0.049121086330388655,0.4311761500906995,0.5203931203931205,0.5203931203931205,False,,,0.24324324324324326,2025-01-02,2026-01-14,259.0,success,refresh_required,LOW,신뢰도 낮음(IC<=0 또는 p>=0.05) | ensemble train_test_gap_abs > 0.25
ICE,ICE,0.32625745294689457,0.15980549934038304,0.009996167683239522,0.13699104949104945,0.13699104949104945,False,,,0.5868725868725869,2025-01-02,2026-01-14,259.0,success,refresh_required,OK,
MMM,MMM,0.16247246033895862,-0.30662034382964615,4.842288054369635e-07,0.15544489294489294,0.15544489294489294,False,,,0.6525096525096525,2025-01-02,2026-01-14,259.0,success,refresh_required,LOW,신뢰도 낮음(IC<=0 또는 p>=0.05)
JCI,JCI,0.47135408479882845,-0.23643502945828526,0.00012240446811004167,0.3875570375570376,0.3875570375570376,False,,,0.416988416988417,2025-01-02,2026-01-14,259.0,success,refresh_required,LOW,신뢰도 낮음(IC<=0 또는 p>=0.05) | ensemble train_test_gap_abs > 0.25
WMB,WMB,0.737042737795558,0.34433730945358854,1.2724338971035086e-08,0.04614777114777113,0.04614777114777113,False,,,0.6833976833976834,2025-01-02,2026-01-14,259.0,success,refresh_required,OK,
SHW,SHW,0.36208450093494865,0.5359764057438475,1.1591821879071246e-20,0.41047736047736044,0.41047736047736044,False,,,0.3667953667953668,2025-01-02,2026-01-14,259.0,success,refresh_required,OK,ensemble train_test_gap_abs > 0.25
STX,STX,0.24916475738751193,-0.20694013717269527,0.0008063100056790748,0.4591216216216216,0.4591216216216216,False,,,0.3783783783783784,2025-01-02,2026-01-14,259.0,success,refresh_required,LOW,신뢰도 낮음(IC<=0 또는 p>=0.05) | ensemble train_test_gap_abs > 0.25
KKR,KKR,0.5529393886420795,-0.6625979928305509,4.086207461941384e-34,0.5473938223938224,0.5473938223938224,False,,,0.1776061776061776,2025-01-02,2026-01-14,259.0,success,refresh_required,LOW,신뢰도 낮음(IC<=0 또는 p>=0.05) | ensemble train_test_gap_abs > 0.25
BK,BK,0.5180886932733462,0.15225961970148016,0.014172854925838873,0.027101614601614643,0.027101614601614643,False,,,0.749034749034749,2025-01-02,2026-01-14,259.0,success,refresh_required,OK,
ORLY,ORLY,0.861548129148276,0.2310323868463403,0.00017612931708661426,0.27237188487188485,0.27237188487188485,False,,,0.47876447876447875,2025-01-02,2026-01-14,259.0,success,refresh_required,OK,ensemble train_test_gap_abs > 0.25
MCO,MCO,0.5001596953696733,0.22637777056381703,0.00023935888848943177,0.3523429273429274,0.3523429273429274,False,,,0.4362934362934363,2025-01-02,2026-01-14,259.0,success,refresh_required,OK,ensemble train_test_gap_abs > 0.25
CTAS,CTAS,0.9265852849513212,0.42254025044722715,1.2235410277713501e-12,0.5170630045630045,0.5170630045630045,False,,,0.3590733590733591,2025-01-02,2026-01-14,259.0,success,refresh_required,OK,ensemble train_test_gap_abs > 0.25
CDNS,CDNS,0.8099152587395791,0.6524336756894896,8.55190344970118e-33,0.30780537030537036,0.30780537030537036,False,,,0.44787644787644787,2025-01-02,2026-01-14,259.0,success,refresh_required,OK,ensemble train_test_gap_abs > 0.25
DELL,DELL,0.44244491118806534,-0.21163619535712558,0.0006071423042459645,0.3289443664443664,0.3289443664443664,False,,,0.4517374517374517,2025-01-02,2026-01-14,259.0,success,refresh_required,LOW,신뢰도 낮음(IC<=0 또는 p>=0.05) | ensemble train_test_gap_abs > 0.25
CSX,CSX,0.4932661938768843,0.6023186744116976,5.8121022028624884e-27,0.24903913653913645,0.24903913653913645,False,,,0.5907335907335908,2025-01-02,2026-01-14,259.0,success,refresh_required,OK,
MNST,MNST,0.6426505136487982,0.04463500044895394,0.4744766228491523,0.4350517725517726,0.4350517725517726,False,,,0.4092664092664093,2025-01-02,2026-01-14,259.0,success,refresh_required,LOW,신뢰도 낮음(IC<=0 또는 p>=0.05) | ensemble train_test_gap_abs > 0.25
PWR,PWR,0.5249561375558934,0.34520068240998475,1.1638705839932317e-08,0.15507195507195504,0.15507195507195504,False,,,0.7722007722007722,2025-01-02,2026-01-14,259.0,success,refresh_required,OK,
REGN,REGN,0.6745641671761887,0.27457815597350477,7.324823563287002e-06,0.3139522639522639,0.3139522639522639,False,,,0.46332046332046334,2025-01-02,2026-01-14,259.0,success,refresh_required,OK,ensemble train_test_gap_abs > 0.25
CRH,CRH,0.7154286513885135,0.15385444222653524,0.013180563487546879,0.2816821691821692,0.2816821691821692,False,,,0.4671814671814672,2025-01-02,2026-01-14,259.0,success,refresh_required,OK,ensemble train_test_gap_abs > 0.25
EMR,EMR,0.37983208845137617,0.03944233014000456,0.5274261913327587,0.3539575289575289,0.3539575289575289,False,,,0.47104247104247104,2025-01-02,2026-01-14,259.0,success,refresh_required,LOW,신뢰도 낮음(IC<=0 또는 p>=0.05) | ensemble train_test_gap_abs > 0.25
SNPS,SNPS,0.7219563065647752,0.4521422009794103,1.8705581312632147e-14,0.30258862758862753,0.30258862758862753,False,,,0.46332046332046334,2025-01-02,2026-01-14,259.0,success,refresh_required,OK,ensemble train_test_gap_abs > 0.25
CMI,CMI,0.6856880259888982,-0.23353547772152422,0.00014896013326316123,0.2912118287118287,0.2912118287118287,False,,,0.444015444015444,2025-01-02,2026-01-14,259.0,success,refresh_required,LOW,신뢰도 낮음(IC<=0 또는 p>=0.05) | ensemble train_test_gap_abs > 0.25
MDLZ,MDLZ,0.4494108980683805,0.5071963862661536,2.4551580317518266e-18,-0.0028957528957529455,0.0028957528957529455,False,,,0.752895752895753,2025-01-02,2026-01-14,259.0,success,refresh_required,OK,
HLT,HLT,0.44587804469084014,-0.02788556509486742,0.6550975667616344,0.28394173394173394,0.28394173394173394,False,,,0.44787644787644787,2025-01-02,2026-01-14,259.0,success,refresh_required,LOW,신뢰도 낮음(IC<=0 또는 p>=0.05) | ensemble train_test_gap_abs > 0.25
KMI,KMI,0.7101571293529255,0.5956002514142048,2.9480948875642687e-26,0.2563092313092312,0.2563092313092312,False,,,0.5868725868725869,2025-01-02,2026-01-14,259.0,success,refresh_required,OK,ensemble train_test_gap_abs > 0.25
GM,GM,0.3263370620776802,0.17981572167618676,0.0036893891848169998,0.3870524745524746,0.3870524745524746,False,,,0.3436293436293436,2025-01-02,2026-01-14,259.0,success,refresh_required,OK,ensemble train_test_gap_abs > 0.25
CI,CI,0.7218166555951209,0.08273668506226645,0.1843905505330953,0.599539312039312,0.599539312039312,False,,,0.32432432432432434,2025-01-02,2026-01-14,259.0,success,refresh_required,LOW,신뢰도 낮음(IC<=0 또는 p>=0.05) | ensemble train_test_gap_abs > 0.25
TDG,TDG,0.5289153289758828,0.2982753261823029,1.0144956059515545e-06,0.29370393120393123,0.29370393120393123,False,,,0.43243243243243246,2025-01-02,2026-01-14,259.0,success,refresh_required,OK,ensemble train_test_gap_abs > 0.25
ELV,ELV,0.7151923641930973,-0.35180237738377274,5.8323909429727726e-09,0.4359029484029484,0.4359029484029484,False,,,0.32432432432432434,2025-01-02,2026-01-14,259.0,success,refresh_required,LOW,신뢰도 낮음(IC<=0 또는 p>=0.05) | ensemble train_test_gap_abs > 0.25
DASH,DASH,0.5854795099168251,0.10649532742555998,0.0871813170047703,0.3112627577743857,0.3112627577743857,False,,,0.5057915057915058,2025-01-02,2026-01-14,259.0,success,refresh_required,LOW,신뢰도 낮음(IC<=0 또는 p>=0.05) | ensemble train_test_gap_abs > 0.25
SLB,SLB,,,,,,,,,,,,,skipped_permanent_ineligible,ineligible_cached,NA,permanent ineligible cache: validation 단일 클래스(1)
CL,CL,0.4739311443996984,0.1894088312692964,0.002204073002459382,0.03610038610038613,0.03610038610038613,False,,,0.6138996138996139,2025-01-02,2026-01-14,259.0,success,refresh_required,OK,
MSI,MSI,0.4731804132850948,-0.16103563312865637,0.009430161255780696,0.32936995436995437,0.32936995436995437,False,,,0.4092664092664093,2025-01-02,2026-01-14,259.0,success,refresh_required,LOW,신뢰도 낮음(IC<=0 또는 p>=0.05) | ensemble train_test_gap_abs > 0.25
ABNB,ABNB,0.5739782873003659,-0.28410012363500736,3.3821533509361022e-06,0.3129511499076717,0.3129511499076717,False,,,0.583011583011583,2025-01-02,2026-01-14,259.0,success,refresh_required,LOW,신뢰도 낮음(IC<=0 또는 p>=0.05) | ensemble train_test_gap_abs > 0.25
HOOD,HOOD,0.512102028025359,-0.3246551688412153,9.039676567671308e-08,0.1099432766099433,0.1099432766099433,False,,,0.5135135135135135,2025-01-02,2026-01-14,259.0,success,refresh_required,LOW,신뢰도 낮음(IC<=0 또는 p>=0.05)
TRV,TRV,0.581318138502105,0.24012128663291452,9.50278804244436e-05,0.12474991224991228,0.12474991224991228,False,,,0.6332046332046332,2025-01-02,2026-01-14,259.0,success,refresh_required,OK,
TFC,TFC,0.2964757080889975,0.17316498711847547,0.005198183256598352,0.3601175851175852,0.3601175851175852,False,,,0.5057915057915058,2025-01-02,2026-01-14,259.0,success,refresh_required,OK,ensemble train_test_gap_abs > 0.25
LHX,LHX,0.3338794774855144,0.19884515233352443,0.0012962272589710747,0.2580510705510705,0.2580510705510705,False,,,0.4749034749034749,2025-01-02,2026-01-14,259.0,success,refresh_required,OK,ensemble train_test_gap_abs > 0.25
EOG,EOG,0.40981385565062445,-0.023421581561116442,0.707539304507003,0.20833625833625835,0.20833625833625835,False,,,0.5598455598455598,2025-01-02,2026-01-14,259.0,success,refresh_required,LOW,신뢰도 낮음(IC<=0 또는 p>=0.05)
PCAR,PCAR,0.6837965754105287,-0.21660300730068172,0.0004467522849852316,0.5120261495261496,0.5120261495261496,False,,,0.305019305019305,2025-01-02,2026-01-14,259.0,success,refresh_required,LOW,신뢰도 낮음(IC<=0 또는 p>=0.05) | ensemble train_test_gap_abs > 0.25
RSG,RSG,0.5821697772362593,0.0448898681456821,0.47195465881990806,0.3140926640926641,0.3140926640926641,False,,,0.3359073359073359,2025-01-02,2026-01-14,259.0,success,refresh_required,LOW,신뢰도 낮음(IC<=0 또는 p>=0.05) | ensemble train_test_gap_abs > 0.25
WBD,WBD,0.3135170296975597,0.1461282903143368,0.018623568913609608,0.4624780624780625,0.4624780624780625,False,,,0.30115830115830117,2025-01-02,2026-01-14,259.0,success,refresh_required,OK,ensemble train_test_gap_abs > 0.25
TEL,TEL,0.34978822082682876,0.16770639793895606,0.006828191904061413,0.384560372060372,0.384560372060372,False,,,0.3552123552123552,2025-01-02,2026-01-14,259.0,success,refresh_required,OK,ensemble train_test_gap_abs > 0.25
APO,APO,0.8128608351199667,0.12141441211208653,0.05096729163516051,0.5094682344682344,0.5094682344682344,False,,,0.22007722007722008,2025-01-02,2026-01-14,259.0,success,refresh_required,LOW,신뢰도 낮음(IC<=0 또는 p>=0.05) | ensemble train_test_gap_abs > 0.25
AON,AON,0.9232097903656522,0.24747100793612417,5.668380515706189e-05,0.6119734994734994,0.6119734994734994,False,,,0.2277992277992278,2025-01-02,2026-01-14,259.0,success,refresh_required,OK,ensemble train_test_gap_abs > 0.25
AEP,AEP,0.5505585190062943,0.06379013820874285,0.30645852674862956,0.34577044577044574,0.34577044577044574,False,,,0.46332046332046334,2025-01-02,2026-01-14,259.0,success,refresh_required,LOW,신뢰도 낮음(IC<=0 또는 p>=0.05) | ensemble train_test_gap_abs > 0.25
COR,COR,0.6981288401232678,0.021143658352960677,0.734860654682387,0.440022815022815,0.440022815022815,False,,,0.3667953667953668,2025-01-02,2026-01-14,259.0,success,refresh_required,LOW,신뢰도 낮음(IC<=0 또는 p>=0.05) | ensemble train_test_gap_abs > 0.25
NSC,NSC,0.45614848290187604,0.2201490527071922,0.0003573622580798179,0.31762021762021764,0.31762021762021764,False,,,0.5096525096525096,2025-01-02,2026-01-14,259.0,success,refresh_required,OK,ensemble train_test_gap_abs > 0.25
BKR,BKR,0.3248523245549408,0.2139334581195046,0.0005272840641838397,0.14587574587574592,0.14587574587574592,False,,,0.6177606177606177,2025-01-02,2026-01-14,259.0,success,refresh_required,OK,
DLR,DLR,0.39111563294610086,0.3554734391943694,3.944331123629982e-09,0.09612144612144613,0.09612144612144613,False,,,0.6447876447876448,2025-01-02,2026-01-14,259.0,success,refresh_required,OK,
O,O,0.3762819812441715,-0.14798419682140612,0.01716302010382584,0.31710249210249214,0.31710249210249214,False,,,0.416988416988417,2025-01-02,2026-01-14,259.0,success,refresh_required,LOW,신뢰도 낮음(IC<=0 또는 p>=0.05) | ensemble train_test_gap_abs > 0.25
SRE,SRE,0.6213164709149985,-0.23377169656239422,0.00014660972863662574,0.2171551421551421,0.2171551421551421,False,,,0.4942084942084942,2025-01-02,2026-01-14,259.0,success,refresh_required,LOW,신뢰도 낮음(IC<=0 또는 p>=0.05)
VLO,VLO,,,,,,,,,,,,,skipped_permanent_ineligible,ineligible_cached,NA,permanent ineligible cache: validation 단일 클래스(1)
ROST,ROST,0.22073135457798443,-0.500832291529966,7.504857694744453e-18,0.6724464724464725,0.6724464724464725,False,,,0.2548262548262548,2025-01-02,2026-01-14,259.0,success,refresh_required,LOW,신뢰도 낮음(IC<=0 또는 p>=0.05) | ensemble train_test_gap_abs > 0.25
AZO,AZO,0.809776577144216,-0.04956865887098445,0.4269847868506882,0.37731660231660236,0.37731660231660236,False,,,0.39768339768339767,2025-01-02,2026-01-14,259.0,success,refresh_required,LOW,신뢰도 낮음(IC<=0 또는 p>=0.05) | ensemble train_test_gap_abs > 0.25
PSX,PSX,0.575644513814653,-0.16996429089452342,0.006105431451694362,0.33321779571779575,0.33321779571779575,False,,,0.3861003861003861,2025-01-02,2026-01-14,259.0,success,refresh_required,LOW,신뢰도 낮음(IC<=0 또는 p>=0.05) | ensemble train_test_gap_abs > 0.25
SPG,SPG,0.7314164225686299,0.1587494215401192,0.01050587414846295,0.2960556335556336,0.2960556335556336,False,,,0.5482625482625483,2025-01-02,2026-01-14,259.0,success,refresh_required,OK,ensemble train_test_gap_abs > 0.25
APD,APD,0.2231270778596042,0.6483309274006948,2.824356880061841e-32,0.18090996840996842,0.18090996840996842,False,,,0.667953667953668,2025-01-02,2026-01-14,259.0,success,refresh_required,OK,
F,F,0.4709041828327419,-0.05604119325049558,0.3690569221567041,0.40411109161109166,0.40411109161109166,False,,,0.36293436293436293,2025-01-02,2026-01-14,259.0,success,refresh_required,LOW,신뢰도 낮음(IC<=0 또는 p>=0.05) | ensemble train_test_gap_abs > 0.25
PSA,PSA,0.48116625459079676,0.18614735358921405,0.0026332083630734213,0.1358941733941733,0.1358941733941733,False,,,0.6447876447876448,2025-01-02,2026-01-14,259.0,success,refresh_required,OK,
GWW,GWW,0.6141175861173533,-0.22396654257119372,0.000279897974608065,0.4198797823797824,0.4198797823797824,False,,,0.49034749034749037,2025-01-02,2026-01-14,259.0,success,refresh_required,LOW,신뢰도 낮음(IC<=0 또는 p>=0.05) | ensemble train_test_gap_abs > 0.25
CARR,CARR,0.6231222843113388,-0.669253562276818,5.225939141216817e-35,0.5364932397501758,0.5364932397501758,False,,,0.23552123552123552,2025-01-02,2026-01-14,259.0,success,refresh_required,LOW,신뢰도 낮음(IC<=0 또는 p>=0.05) | ensemble train_test_gap_abs > 0.25
ALL,ALL,0.6343738179159066,0.3818622609320283,2.0393732075203027e-10,0.20517286767286758,0.20517286767286758,False,,,0.5868725868725869,2025-01-02,2026-01-14,259.0,success,refresh_required,OK,
ZTS,ZTS,0.5296790435293337,-0.040973608415468876,0.5115063142726243,0.3391321516321516,0.3391321516321516,False,,,0.3938223938223938,2025-01-02,2026-01-14,259.0,success,refresh_required,LOW,신뢰도 낮음(IC<=0 또는 p>=0.05) | ensemble train_test_gap_abs > 0.25
OKE,OKE,0.7320606099121238,0.07372030860402953,0.23709192447178665,0.4483897858897859,0.4483897858897859,False,,,0.305019305019305,2025-01-02,2026-01-14,259.0,success,refresh_required,LOW,신뢰도 낮음(IC<=0 또는 p>=0.05) | ensemble train_test_gap_abs > 0.25
AJG,AJG,0.6752625016953366,-0.12721489698233884,0.040781361410838254,0.613961038961039,0.613961038961039,False,,,0.14285714285714285,2025-01-02,2026-01-14,259.0,success,refresh_required,LOW,신뢰도 낮음(IC<=0 또는 p>=0.05) | ensemble train_test_gap_abs > 0.25
AME,AME,0.24110753817643227,-0.5833078926102182,5.222442672161721e-25,0.49543260793260796,0.49543260793260796,False,,,0.30115830115830117,2025-01-02,2026-01-14,259.0,success,refresh_required,LOW,신뢰도 낮음(IC<=0 또는 p>=0.05) | ensemble train_test_gap_abs > 0.25
D,D,0.44869178770522355,0.2110566994287924,0.0006289830741109932,0.209498946998947,0.209498946998947,False,,,0.5984555984555985,2025-01-02,2026-01-14,259.0,success,refresh_required,OK,
MPC,MPC,0.5372062364062528,0.014671123973449555,0.8142242714352605,0.21968673218673218,0.21968673218673218,False,,,0.5405405405405406,2025-01-02,2026-01-14,259.0,success,refresh_required,LOW,신뢰도 낮음(IC<=0 또는 p>=0.05)
VST,VST,0.616032603844572,0.015627741209136556,0.8023526885232012,0.4834371709371709,0.4834371709371709,False,,,0.3745173745173745,2025-01-02,2026-01-14,259.0,success,refresh_required,LOW,신뢰도 낮음(IC<=0 또는 p>=0.05) | ensemble train_test_gap_abs > 0.25
NXPI,NXPI,0.4059165440809779,0.5632693516414446,4.396425763884649e-23,0.09020709020709028,0.09020709020709028,False,,,0.637065637065637,2025-01-02,2026-01-14,259.0,success,refresh_required,OK,
MPWR,MPWR,0.29950079914853694,0.00957791422907702,0.8780829437563814,0.21135924885924884,0.21135924885924884,False,,,0.6602316602316602,2025-01-02,2026-01-14,259.0,success,refresh_required,LOW,신뢰도 낮음(IC<=0 또는 p>=0.05)
AFL,AFL,0.7297051370255496,-0.32989411594062756,5.436362978422833e-08,0.4704720954720955,0.4704720954720955,False,,,0.3590733590733591,2025-01-02,2026-01-14,259.0,success,refresh_required,LOW,신뢰도 낮음(IC<=0 또는 p>=0.05) | ensemble train_test_gap_abs > 0.25
URI,URI,0.537324269989859,0.6883831441970976,1.0403845606914861e-37,0.07548701298701299,0.07548701298701299,False,,,0.7142857142857143,2025-01-02,2026-01-14,259.0,success,refresh_required,OK,
FTNT,FTNT,0.7674242410135405,-0.17260206795090516,0.005348389836805027,0.4386012636012636,0.4386012636012636,False,,,0.28185328185328185,2025-01-02,2026-01-14,259.0,success,refresh_required,LOW,신뢰도 낮음(IC<=0 또는 p>=0.05) | ensemble train_test_gap_abs > 0.25
ADSK,ADSK,0.21694673008937215,0.2699870839405723,1.0524288943972374e-05,0.0012241137241137956,0.0012241137241137956,False,,,0.7953667953667953,2025-01-02,2026-01-14,259.0,success,refresh_required,OK,
EXC,EXC,0.41069190991035287,0.06364716364716365,0.30754612648150675,0.28103720603720606,0.28103720603720606,False,,,0.5212355212355212,2025-01-02,2026-01-14,259.0,success,refresh_required,LOW,신뢰도 낮음(IC<=0 또는 p>=0.05) | ensemble train_test_gap_abs > 0.25
FITB,FITB,0.42001159640537933,-0.2774473169822007,5.820773835368838e-06,0.4659134784134784,0.4659134784134784,False,,,0.33976833976833976,2025-01-02,2026-01-14,259.0,success,refresh_required,LOW,신뢰도 낮음(IC<=0 또는 p>=0.05) | ensemble train_test_gap_abs > 0.25
XEL,XEL,0.7278686953471651,-0.4816364025666351,1.9023007599841924e-16,0.4338890838890839,0.4338890838890839,False,,,0.37065637065637064,2025-01-02,2026-01-14,259.0,success,refresh_required,LOW,신뢰도 낮음(IC<=0 또는 p>=0.05) | ensemble train_test_gap_abs > 0.25
CIEN,CIEN,0.07920773812433157,0.42311422078863936,1.1325772233977538e-12,0.6566909441909442,0.6566909441909442,False,,,0.14671814671814673,2025-01-02,2026-01-14,259.0,success,refresh_required,OK,ensemble train_test_gap_abs > 0.25
GRMN,GRMN,0.6139576080945143,-0.2079706591334498,0.0007580393953746426,0.3828185328185328,0.3828185328185328,False,,,0.4671814671814672,2025-01-02,2026-01-14,259.0,success,refresh_required,LOW,신뢰도 낮음(IC<=0 또는 p>=0.05) | ensemble train_test_gap_abs > 0.25
CVNA,CVNA,,,,,,,,,,,,,skipped_permanent_ineligible,ineligible_cached,NA,permanent ineligible cache: validation 단일 클래스(1)
DHI,DHI,0.7184319017228664,0.23766792604001907,0.00011251668550919115,0.2903343278343278,0.2903343278343278,False,,,0.49034749034749037,2025-01-02,2026-01-14,259.0,success,refresh_required,OK,ensemble train_test_gap_abs > 0.25
ETR,ETR,0.8183995164123019,0.07947935157237482,0.2023340572054305,0.33121709371709374,0.33121709371709374,False,,,0.4517374517374517,2025-01-02,2026-01-14,259.0,success,refresh_required,LOW,신뢰도 낮음(IC<=0 또는 p>=0.05) | ensemble train_test_gap_abs > 0.25
TRGP,TRGP,,,,,,,,,,,,,skipped_permanent_ineligible,ineligible_cached,NA,permanent ineligible cache: validation 단일 클래스(1)
CMG,CMG,0.8899113895390682,0.11327867606937372,0.06874492759857773,0.7103325728325728,0.7103325728325728,False,,,0.15444015444015444,2025-01-02,2026-01-14,259.0,success,refresh_required,LOW,신뢰도 낮음(IC<=0 또는 p>=0.05) | ensemble train_test_gap_abs > 0.25
CTVA,CTVA,0.3919345926031656,0.16928119021142277,0.006316509339698341,0.16377237627237617,0.16377237627237617,False,,,0.5328185328185329,2025-01-02,2026-01-14,259.0,success,refresh_required,OK,
FANG,FANG,0.4697250841436758,-0.18625164904234673,0.002618386586171088,0.42091084591084593,0.42091084591084593,False,,,0.3359073359073359,2025-01-02,2026-01-14,259.0,success,refresh_required,LOW,신뢰도 낮음(IC<=0 또는 p>=0.05) | ensemble train_test_gap_abs > 0.25
MET,MET,0.6092528668954789,-0.5160152229919672,5.01955598869322e-19,0.2373639873639874,0.2373639873639874,False,,,0.4671814671814672,2025-01-02,2026-01-14,259.0,success,refresh_required,LOW,신뢰도 낮음(IC<=0 또는 p>=0.05)
EA,EA,0.21075575246478226,0.28032614776800824,4.6099579224126265e-06,0.17833889083889087,0.17833889083889087,False,,,0.5637065637065637,2025-01-02,2026-01-14,259.0,success,refresh_required,OK,
TGT,TGT,0.48083218229028757,-0.26462519253216926,1.5937538841781477e-05,0.3468936468936469,0.3468936468936469,False,,,0.444015444015444,2025-01-02,2026-01-14,259.0,success,refresh_required,LOW,신뢰도 낮음(IC<=0 또는 p>=0.05) | ensemble train_test_gap_abs > 0.25
CAH,CAH,0.5053404122056262,0.07335216637542218,0.2394483630589183,0.35892857142857143,0.35892857142857143,False,,,0.42857142857142855,2025-01-02,2026-01-14,259.0,success,refresh_required,LOW,신뢰도 낮음(IC<=0 또는 p>=0.05) | ensemble train_test_gap_abs > 0.25
BDX,BDX,0.30493717843853313,-0.5261532935951541,7.638218904834596e-20,0.17353457353457358,0.17353457353457358,False,,,0.5173745173745173,2025-01-02,2026-01-14,259.0,success,refresh_required,LOW,신뢰도 낮음(IC<=0 또는 p>=0.05)
FAST,FAST,0.4313008657663805,0.5437633391121762,2.487683381972399e-21,0.08638557388557389,0.08638557388557389,False,,,0.6988416988416989,2025-01-02,2026-01-14,259.0,success,refresh_required,OK,
FIX,FIX,0.4447892511002408,0.3236881911300516,9.918852879070828e-08,0.23770182520182526,0.23770182520182526,False,,,0.6293436293436293,2025-01-02,2026-01-14,259.0,success,refresh_required,OK,
OXY,OXY,,,,,,,,,,,,,skipped_permanent_ineligible,ineligible_cached,NA,permanent ineligible cache: validation 단일 클래스(1)
TER,TER,0.09412278065050339,-0.6480636271333945,3.05103352345612e-32,0.730993330993331,0.730993330993331,False,,,0.12355212355212356,2025-01-02,2026-01-14,259.0,success,refresh_required,LOW,신뢰도 낮음(IC<=0 또는 p>=0.05) | ensemble train_test_gap_abs > 0.25
IDXX,IDXX,0.6791233119923488,0.5513679281121141,5.322430587488883e-22,0.5356177606177607,0.5356177606177607,False,,,0.23938223938223938,2025-01-02,2026-01-14,259.0,success,refresh_required,OK,ensemble train_test_gap_abs > 0.25
VTR,VTR,0.35174740986704367,0.4009932242490382,2.0047962959725996e-11,0.21891014391014396,0.21891014391014396,False,,,0.4015444015444015,2025-01-02,2026-01-14,259.0,success,refresh_required,OK,
AIG,AIG,,,,,,,,,,,,,skipped_permanent_ineligible,ineligible_cached,NA,permanent ineligible cache: validation 단일 클래스(1)
EL,EL,,,,,,,,,,,,,skipped_permanent_ineligible,ineligible_cached,NA,permanent ineligible cache: validation 단일 클래스(1)
MLM,MLM,0.5638265482677662,0.4267542011728058,6.91531747433639e-13,0.007743945243945283,0.007743945243945283,False,,,0.6911196911196911,2025-01-02,2026-01-14,259.0,success,refresh_required,OK,
KEYS,KEYS,0.3580484341050525,-0.21522022917371753,0.00048692098938430013,0.24963144963144962,0.24963144963144962,False,,,0.4594594594594595,2025-01-02,2026-01-14,259.0,success,refresh_required,LOW,신뢰도 낮음(IC<=0 또는 p>=0.05)
KR,KR,0.6800584081788766,-0.2527569225243644,3.8705164142689413e-05,0.41499648999648997,0.41499648999648997,False,,,0.3281853281853282,2025-01-02,2026-01-14,259.0,success,refresh_required,LOW,신뢰도 낮음(IC<=0 또는 p>=0.05) | ensemble train_test_gap_abs > 0.25
MCHP,MCHP,0.39742841318809713,0.4666730786761419,2.061612777718152e-15,0.28151544401544404,0.28151544401544404,False,,,0.555984555984556,2025-01-02,2026-01-14,259.0,success,refresh_required,OK,ensemble train_test_gap_abs > 0.25
ODFL,ODFL,0.6081296407001258,-0.3646500576733135,1.4513036273921384e-09,0.45706826956826957,0.45706826956826957,False,,,0.3667953667953668,2025-01-02,2026-01-14,259.0,success,refresh_required,LOW,신뢰도 낮음(IC<=0 또는 p>=0.05) | ensemble train_test_gap_abs > 0.25
PEG,PEG,0.4512145225603356,0.30729170264053984,4.557990970485051e-07,0.07819849069849072,0.07819849069849072,False,,,0.6911196911196911,2025-01-02,2026-01-14,259.0,success,refresh_required,OK,
AMP,AMP,0.6213780337671749,-0.15392143996795157,0.013140248813136253,0.43294577044577043,0.43294577044577043,False,,,0.3204633204633205,2025-01-02,2026-01-14,259.0,success,refresh_required,LOW,신뢰도 낮음(IC<=0 또는 p>=0.05) | ensemble train_test_gap_abs > 0.25
NUE,NUE,0.49968066088546026,-0.1184050393352719,0.05703646508992826,0.3498376623376624,0.3498376623376624,False,,,0.42857142857142855,2025-01-02,2026-01-14,259.0,success,refresh_required,LOW,신뢰도 낮음(IC<=0 또는 p>=0.05) | ensemble train_test_gap_abs > 0.25
SYY,SYY,0.6830951519691513,0.37357042705879906,5.324980259458289e-10,0.21561951561951564,0.21561951561951564,False,,,0.5752895752895753,2025-01-02,2026-01-14,259.0,success,refresh_required,OK,
YUM,YUM,0.20547894713476617,-0.34397469281190207,1.320891084245651e-08,0.3746051246051246,0.3746051246051246,False,,,0.42084942084942084,2025-01-02,2026-01-14,259.0,success,refresh_required,LOW,신뢰도 낮음(IC<=0 또는 p>=0.05) | ensemble train_test_gap_abs > 0.25
CBRE,CBRE,0.5374773120595995,-0.4316761177226293,3.5154662714854386e-13,0.3022902772902773,0.3022902772902773,False,,,0.3590733590733591,2025-01-02,2026-01-14,259.0,success,refresh_required,LOW,신뢰도 낮음(IC<=0 또는 p>=0.05) | ensemble train_test_gap_abs > 0.25
NDAQ,NDAQ,0.5095934669879989,-0.7376534213743515,9.728827208661802e-46,0.29914004914004916,0.29914004914004916,False,,,0.40540540540540543,2025-01-02,2026-01-14,259.0,success,refresh_required,LOW,신뢰도 낮음(IC<=0 또는 p>=0.05) | ensemble train_test_gap_abs > 0.25
DAL,DAL,0.26155977188368074,0.5108557062045433,1.2777154740660896e-18,0.1204501579501579,0.1204501579501579,False,,,0.6602316602316602,2025-01-02,2026-01-14,259.0,success,refresh_required,OK,
COIN,COIN,0.7638369973887766,-0.06867130355502447,0.27084672932914694,0.32683397683397686,0.32683397683397686,False,,,0.4517374517374517,2025-01-02,2026-01-14,259.0,success,refresh_required,LOW,신뢰도 낮음(IC<=0 또는 p>=0.05) | ensemble train_test_gap_abs > 0.25
EW,EW,0.44217755985988794,-0.44709181453367497,3.929544180990147e-14,0.445963495963496,0.445963495963496,False,,,0.41312741312741313,2025-01-02,2026-01-14,259.0,success,refresh_required,LOW,신뢰도 낮음(IC<=0 또는 p>=0.05) | ensemble train_test_gap_abs > 0.25
WAB,WAB,0.3190141522764955,0.39987429289754867,2.305632671093178e-11,0.1084152334152334,0.1084152334152334,False,,,0.6756756756756757,2025-01-02,2026-01-14,259.0,success,refresh_required,OK,
HSY,HSY,0.4841608248327127,-0.34378889495168563,1.3464053819708931e-08,0.3100649350649351,0.3100649350649351,False,,,0.42857142857142855,2025-01-02,2026-01-14,259.0,success,refresh_required,LOW,신뢰도 낮음(IC<=0 또는 p>=0.05) | ensemble train_test_gap_abs > 0.25
ROK,ROK,0.5985968508306989,0.2209550976992837,0.0003395110783422778,0.17492979992979996,0.17492979992979996,False,,,0.5637065637065637,2025-01-02,2026-01-14,259.0,success,refresh_required,OK,
CCL,CCL,0.2229500545238025,-0.15866930052976566,0.010545465806584765,0.21335995085995085,0.21335995085995085,False,,,0.5945945945945946,2025-01-02,2026-01-14,259.0,success,refresh_required,LOW,신뢰도 낮음(IC<=0 또는 p>=0.05)
ROP,ROP,,,,,,,,,,,,,skipped_permanent_ineligible,ineligible_cached,NA,permanent ineligible cache: validation 단일 클래스(1)
UAL,UAL,0.43746417161522566,0.7601529206180369,4.889165342405763e-50,0.07866356616356618,0.07866356616356618,False,,,0.7065637065637066,2025-01-02,2026-01-14,259.0,success,refresh_required,OK,
EME,EME,0.7461135852695765,0.76840883817628,9.793813195929352e-52,-0.036017023517023516,0.036017023517023516,False,,,0.8416988416988417,2025-01-02,2026-01-14,259.0,success,refresh_required,OK,
WDAY,WDAY,0.7279898736355545,-0.16702536935095072,0.007060715039885035,0.24806949806949807,0.24806949806949807,False,,,0.5019305019305019,2025-01-02,2026-01-14,259.0,success,refresh_required,LOW,신뢰도 낮음(IC<=0 또는 p>=0.05)
KMB,KMB,0.2915612123878325,-0.009947437854414596,0.8734179834404802,0.10729203229203221,0.10729203229203221,False,,,0.694980694980695,2025-01-02,2026-01-14,259.0,success,refresh_required,LOW,신뢰도 낮음(IC<=0 또는 p>=0.05)
OTIS,OTIS,0.6821629543804342,-0.017596231549719923,0.7780688017270605,0.5989818872810428,0.5989818872810428,False,,,0.22007722007722008,2025-01-02,2026-01-14,259.0,success,refresh_required,LOW,신뢰도 낮음(IC<=0 또는 p>=0.05) | ensemble train_test_gap_abs > 0.25
PRU,PRU,0.5286487902502545,0.38290245266989453,1.8045725792563879e-10,0.3246182871182871,0.3246182871182871,False,,,0.44015444015444016,2025-01-02,2026-01-14,259.0,success,refresh_required,OK,ensemble train_test_gap_abs > 0.25
KVUE,KVUE,,,,,,,,,,,,,skipped_permanent_ineligible,ineligible_cached,NA,permanent ineligible cache: scaler_zero_sample
A,A,0.4165315594184395,0.6397103211056699,3.2772896298598827e-31,0.21561951561951564,0.21561951561951564,False,,,0.5752895752895753,2025-01-02,2026-01-14,259.0,success,refresh_required,OK,
MTB,MTB,0.5409525475462214,0.34538509887347096,1.1418698316533862e-08,0.24014127764127757,0.24014127764127757,False,,,0.5405405405405406,2025-01-02,2026-01-14,259.0,success,refresh_required,OK,
STT,STT,0.44429367635001954,-0.05229553601646625,0.4019634448018426,0.3323929448929449,0.3323929448929449,False,,,0.5096525096525096,2025-01-02,2026-01-14,259.0,success,refresh_required,LOW,신뢰도 낮음(IC<=0 또는 p>=0.05) | ensemble train_test_gap_abs > 0.25
ACGL,ACGL,0.5961031722763912,-0.3767649069974651,3.690840229177643e-10,0.32004650754650754,0.32004650754650754,False,,,0.4015444015444015,2025-01-02,2026-01-14,259.0,success,refresh_required,LOW,신뢰도 낮음(IC<=0 또는 p>=0.05) | ensemble train_test_gap_abs > 0.25
CPRT,CPRT,0.8049544057515813,0.4945586782796085,2.20752952880485e-17,0.4099991224991225,0.4099991224991225,False,,,0.33204633204633205,2025-01-02,2026-01-14,259.0,success,refresh_required,OK,ensemble train_test_gap_abs > 0.25
WEC,WEC,0.741376488351241,-0.06321962135915624,0.3108135542130359,0.2864733239733239,0.2864733239733239,False,,,0.4942084942084942,2025-01-02,2026-01-14,259.0,success,refresh_required,LOW,신뢰도 낮음(IC<=0 또는 p>=0.05) | ensemble train_test_gap_abs > 0.25
AXON,AXON,0.7795932453267171,0.31253893812033345,2.825744956130013e-07,0.4804668304668304,0.4804668304668304,False,,,0.35135135135135137,2025-01-02,2026-01-14,259.0,success,refresh_required,OK,ensemble train_test_gap_abs > 0.25
TPL,TPL,,,,,,,,,,,,,skipped_permanent_ineligible,ineligible_cached,NA,permanent ineligible cache: validation 단일 클래스(1)
TTWO,TTWO,0.5341129355718877,-0.04080300591928499,0.5132675488202811,0.07435064935064939,0.07435064935064939,False,,,0.7142857142857143,2025-01-02,2026-01-14,259.0,success,refresh_required,LOW,신뢰도 낮음(IC<=0 또는 p>=0.05)
HBAN,HBAN,0.5524914273760655,0.46730164869699753,1.8695715598765435e-15,0.1775008775008775,0.1775008775008775,False,,,0.667953667953668,2025-01-02,2026-01-14,259.0,success,refresh_required,OK,
IR,IR,0.8070018090273763,-0.5078124892078381,2.2007038888582454e-18,0.5058924183924185,0.5058924183924185,False,,,0.3088803088803089,2025-01-02,2026-01-14,259.0,success,refresh_required,LOW,신뢰도 낮음(IC<=0 또는 p>=0.05) | ensemble train_test_gap_abs > 0.25
HIG,HIG,0.55930284423671,0.8151594477175872,6.893864272234567e-63,-0.006239031239031245,0.006239031239031245,False,,,0.8494208494208494,2025-01-02,2026-01-14,259.0,success,refresh_required,OK,
RMD,RMD,0.3242302322962946,0.595760493434912,2.8373550935264603e-26,0.10681379431379434,0.10681379431379434,False,,,0.6602316602316602,2025-01-02,2026-01-14,259.0,success,refresh_required,OK,
PCG,PCG,0.46294637477396244,-0.2551743668022738,3.2417579613350654e-05,0.2882678132678132,0.2882678132678132,False,,,0.4594594594594595,2025-01-02,2026-01-14,259.0,success,refresh_required,LOW,신뢰도 낮음(IC<=0 또는 p>=0.05) | ensemble train_test_gap_abs > 0.25
VMC,VMC,0.7806077492647638,0.3787748392399555,2.924638137526571e-10,0.17088890838890847,0.17088890838890847,False,,,0.637065637065637,2025-01-02,2026-01-14,259.0,success,refresh_required,OK,
KDP,KDP,0.5057134862317744,0.41363162293394856,3.98366077431134e-12,0.4416505791505792,0.4416505791505792,False,,,0.42084942084942084,2025-01-02,2026-01-14,259.0,success,refresh_required,OK,ensemble train_test_gap_abs > 0.25
MSCI,MSCI,0.33669440186078997,0.2413085971225506,8.751252686802375e-05,0.1524482274482274,0.1524482274482274,False,,,0.5907335907335908,2025-01-02,2026-01-14,259.0,success,refresh_required,OK,
EBAY,EBAY,0.35271302506907154,-0.07505888203562622,0.22866134329564722,0.3458976833976834,0.3458976833976834,False,,,0.3166023166023166,2025-01-02,2026-01-14,259.0,success,refresh_required,LOW,신뢰도 낮음(IC<=0 또는 p>=0.05) | ensemble train_test_gap_abs > 0.25
ED,ED,0.5610663489664631,-0.01792707606661095,0.7740077721677984,0.1892506142506143,0.1892506142506143,False,,,0.5675675675675675,2025-01-02,2026-01-14,259.0,success,refresh_required,LOW,신뢰도 낮음(IC<=0 또는 p>=0.05)
DDOG,DDOG,0.5752509157822356,0.14169331611192076,0.022558648157917624,0.22676377676377668,0.22676377676377668,False,,,0.5868725868725869,2025-01-02,2026-01-14,259.0,success,refresh_required,OK,
LVS,LVS,0.32800307233324233,0.4261436238180424,7.515043699299609e-13,0.18500351000351,0.18500351000351,False,,,0.6718146718146718,2025-01-02,2026-01-14,259.0,success,refresh_required,OK,
GEHC,GEHC,,,,,,,,,,,,,skipped_permanent_ineligible,ineligible_cached,NA,permanent ineligible cache: train 샘플 부족(10 < 30)
PYPL,PYPL,0.21529156406581038,0.1899296178365946,0.0021417789876876175,-0.18256844506844505,0.18256844506844505,False,,,0.8996138996138996,2025-01-02,2026-01-14,259.0,success,refresh_required,OK,
CCI,CCI,0.2481533028349902,0.6304370048556095,4.201840603215294e-30,0.1793216918216919,0.1793216918216919,False,,,0.6718146718146718,2025-01-02,2026-01-14,259.0,success,refresh_required,OK,
LYV,LYV,0.4850539360481836,0.18099888797563216,0.0034668528428615187,0.15199631449631446,0.15199631449631446,False,,,0.5945945945945946,2025-01-02,2026-01-14,259.0,success,refresh_required,OK,
EQT,EQT,0.29891017857975033,-0.390210041372832,7.548615524556312e-11,0.4346130221130221,0.4346130221130221,False,,,0.43243243243243246,2025-01-02,2026-01-14,259.0,success,refresh_required,LOW,신뢰도 낮음(IC<=0 또는 p>=0.05) | ensemble train_test_gap_abs > 0.25
NRG,NRG,0.4614798394492053,0.4309916356427984,3.8648328567516547e-13,0.08337574587574592,0.08337574587574592,False,,,0.6177606177606177,2025-01-02,2026-01-14,259.0,success,refresh_required,OK,
KHC,KHC,0.8569071759988919,-0.3091393207672277,3.855839791318862e-07,0.7598543348543348,0.7598543348543348,False,,,0.11969111969111969,2025-01-02,2026-01-14,259.0,success,refresh_required,LOW,신뢰도 낮음(IC<=0 또는 p>=0.05) | ensemble train_test_gap_abs > 0.25
CBOE,CBOE,0.3862436416826785,-0.1616627872441826,0.00915268373809641,0.2773824148824149,0.2773824148824149,False,,,0.4942084942084942,2025-01-02,2026-01-14,259.0,success,refresh_required,LOW,신뢰도 낮음(IC<=0 또는 p>=0.05) | ensemble train_test_gap_abs > 0.25
DTE,DTE,0.6018852811909797,-0.00636823892637846,0.9187627001544847,0.2328711828711828,0.2328711828711828,False,,,0.5444015444015444,2025-01-02,2026-01-14,259.0,success,refresh_required,LOW,신뢰도 낮음(IC<=0 또는 p>=0.05)
ATO,ATO,0.5318788768230226,-0.6003591631498608,9.369880332525401e-27,0.4325201825201825,0.4325201825201825,False,,,0.36293436293436293,2025-01-02,2026-01-14,259.0,success,refresh_required,LOW,신뢰도 낮음(IC<=0 또는 p>=0.05) | ensemble train_test_gap_abs > 0.25
ROL,ROL,0.633970114173756,-0.156887989446129,0.011460438916906235,0.17699631449631448,0.17699631449631448,False,,,0.5945945945945946,2025-01-02,2026-01-14,259.0,success,refresh_required,LOW,신뢰도 낮음(IC<=0 또는 p>=0.05)
HAL,HAL,,,,,,,,,,,,,skipped_permanent_ineligible,ineligible_cached,NA,permanent ineligible cache: validation 단일 클래스(1)
CHTR,CHTR,0.36578022757465267,-0.07672070230209764,0.2184930659331335,0.32416637416637417,0.32416637416637417,False,,,0.444015444015444,2025-01-02,2026-01-14,259.0,success,refresh_required,LOW,신뢰도 낮음(IC<=0 또는 p>=0.05) | ensemble train_test_gap_abs > 0.25
FE,FE,0.5571477606585011,0.29149128684012404,1.8198919258003858e-06,0.3621972621972622,0.3621972621972622,False,,,0.555984555984556,2025-01-02,2026-01-14,259.0,success,refresh_required,OK,ensemble train_test_gap_abs > 0.25
JBL,JBL,0.45923146979429263,0.3748696306835842,4.5896848661602005e-10,0.11704106704106698,0.11704106704106698,False,,,0.6602316602316602,2025-01-02,2026-01-14,259.0,success,refresh_required,OK,
LEN,LEN,0.7726563022240613,0.357354901540948,3.221568790238766e-09,0.6171902421902422,0.6171902421902422,False,,,0.21235521235521235,2025-01-02,2026-01-14,259.0,success,refresh_required,OK,ensemble train_test_gap_abs > 0.25
WTW,WTW,0.5903786787262616,-0.07946553760507248,0.20241275593563104,0.39073359073359076,0.39073359073359076,False,,,0.4092664092664093,2025-01-02,2026-01-14,259.0,success,refresh_required,LOW,신뢰도 낮음(IC<=0 또는 p>=0.05) | ensemble train_test_gap_abs > 0.25
HPE,HPE,0.43157849948620597,0.7467077862426699,2.054892456324521e-47,0.008546858546858549,0.008546858546858549,False,,,0.8687258687258688,2025-01-02,2026-01-14,259.0,success,refresh_required,OK,
